cd_commune,tx_commune_fr,tx_commune_nl,cd_arr,tx_arr_fr,tx_arr_nl,cd_arr_2digit,cd_province,tx_prov_fr,tx_prov_nl,cd_region,tx_region_fr,tx_region_nl,nis_version
20001,Province du Brabant Flamand,Provincie Vlaams-Brabant,20000,,,20,,,,,,,2019
20002,Province du Brabant Wallon,Provincie Waals-Brabant,20000,,,20,,,,,,,2019
21001,Anderlecht,Anderlecht,21000,Arrondissement de Bruxelles-Capitale,Arrondissement Brussel Hoofdstad,21,20000,,,4000,RÉGION DE BRUXELLES-CAPITALE,BRUSSELS HOOFDSTEDELIJK GEWEST,2019
21002,Auderghem,Oudergem,21000,Arrondissement de Bruxelles-Capitale,Arrondissement Brussel Hoofdstad,21,20000,,,4000,RÉGION DE BRUXELLES-CAPITALE,BRUSSELS HOOFDSTEDELIJK GEWEST,2019
21003,Berchem-Sainte-Agathe,Sint-Agatha-Berchem,21000,Arrondissement de Bruxelles-Capitale,Arrondissement Brussel Hoofdstad,21,20000,,,4000,RÉGION DE BRUXELLES-CAPITALE,BRUSSELS HOOFDSTEDELIJK GEWEST,2019
21004,Bruxelles,Brussel,21000,Arrondissement de Bruxelles-Capitale,Arrondissement Brussel Hoofdstad,21,20000,,,4000,RÉGION DE BRUXELLES-CAPITALE,BRUSSELS HOOFDSTEDELIJK GEWEST,2019
21005,Etterbeek,Etterbeek,21000,Arrondissement de Bruxelles-Capitale,Arrondissement Brussel Hoofdstad,21,20000,,,4000,RÉGION DE BRUXELLES-CAPITALE,BRUSSELS HOOFDSTEDELIJK GEWEST,2019
21006,Evere,Evere,21000,Arrondissement de Bruxelles-Capitale,Arrondissement Brussel Hoofdstad,21,20000,,,4000,RÉGION DE BRUXELLES-CAPITALE,BRUSSELS HOOFDSTEDELIJK GEWEST,2019
21007,Forest,Vorst,21000,Arrondissement de Bruxelles-Capitale,Arrondissement Brussel Hoofdstad,21,20000,,,4000,RÉGION DE BRUXELLES-CAPITALE,BRUSSELS HOOFDSTEDELIJK GEWEST,2019
21008,Ganshoren,Ganshoren,21000,Arrondissement de Bruxelles-Capitale,Arrondissement Brussel Hoofdstad,21,20000,,,4000,RÉGION DE BRUXELLES-CAPITALE,BRUSSELS HOOFDSTEDELIJK GEWEST,2019
21009,Ixelles,Elsene,21000,Arrondissement de Bruxelles-Capitale,Arrondissement Brussel Hoofdstad,21,20000,,,4000,RÉGION DE BRUXELLES-CAPITALE,BRUSSELS HOOFDSTEDELIJK GEWEST,2019
21010,Jette,Jette,21000,Arrondissement de Bruxelles-Capitale,Arrondissement Brussel Hoofdstad,21,20000,,,4000,RÉGION DE BRUXELLES-CAPITALE,BRUSSELS HOOFDSTEDELIJK GEWEST,2019
21011,Koekelberg,Koekelberg,21000,Arrondissement de Bruxelles-Capitale,Arrondissement Brussel Hoofdstad,21,20000,,,4000,RÉGION DE BRUXELLES-CAPITALE,BRUSSELS HOOFDSTEDELIJK GEWEST,2019
21012,Molenbeek-Saint-Jean,Sint-Jans-Molenbeek,21000,Arrondissement de Bruxelles-Capitale,Arrondissement Brussel Hoofdstad,21,20000,,,4000,RÉGION DE BRUXELLES-CAPITALE,BRUSSELS HOOFDSTEDELIJK GEWEST,2019
21013,Saint-Gilles,Sint-Gillis,21000,Arrondissement de Bruxelles-Capitale,Arrondissement Brussel Hoofdstad,21,20000,,,4000,RÉGION DE BRUXELLES-CAPITALE,BRUSSELS HOOFDSTEDELIJK GEWEST,2019
21014,Saint-Josse-ten-Noode,Sint-Joost-ten-Node,21000,Arrondissement de Bruxelles-Capitale,Arrondissement Brussel Hoofdstad,21,20000,,,4000,RÉGION DE BRUXELLES-CAPITALE,BRUSSELS HOOFDSTEDELIJK GEWEST,2019
21015,Schaerbeek,Schaarbeek,21000,Arrondissement de Bruxelles-Capitale,Arrondissement Brussel Hoofdstad,21,20000,,,4000,RÉGION DE BRUXELLES-CAPITALE,BRUSSELS HOOFDSTEDELIJK GEWEST,2019
21016,Uccle,Ukkel,21000,Arrondissement de Bruxelles-Capitale,Arrondissement Brussel Hoofdstad,21,20000,,,4000,RÉGION DE BRUXELLES-CAPITALE,BRUSSELS HOOFDSTEDELIJK GEWEST,2019
21017,Watermael-Boitsfort,Watermaal-Bosvoorde,21000,Arrondissement de Bruxelles-Capitale,Arrondissement Brussel Hoofdstad,21,20000,,,4000,RÉGION DE BRUXELLES-CAPITALE,BRUSSELS HOOFDSTEDELIJK GEWEST,2019
21018,Woluwe-Saint-Lambert,Sint-Lambrechts-Woluwe,21000,Arrondissement de Bruxelles-Capitale,Arrondissement Brussel Hoofdstad,21,20000,,,4000,RÉGION DE BRUXELLES-CAPITALE,BRUSSELS HOOFDSTEDELIJK GEWEST,2019
21019,Woluwe-Saint-Pierre,Sint-Pieters-Woluwe,21000,Arrondissement de Bruxelles-Capitale,Arrondissement Brussel Hoofdstad,21,20000,,,4000,RÉGION DE BRUXELLES-CAPITALE,BRUSSELS HOOFDSTEDELIJK GEWEST,2019
23105,Affligem,Affligem,23000,Arrondissement de Hal-Vilvorde,Arrondissement Halle-Vilvoorde,23,20000,,,,,,2019
23002,Asse,Asse,23000,Arrondissement de Hal-Vilvorde,Arrondissement Halle-Vilvoorde,23,20000,,,,,,2019
23003,Beersel,Beersel,23000,Arrondissement de Hal-Vilvorde,Arrondissement Halle-Vilvoorde,23,20000,,,,,,2019
23009,Biévène,Bever,23000,Arrondissement de Hal-Vilvorde,Arrondissement Halle-Vilvoorde,23,20000,,,,,,2019
23016,Dilbeek,Dilbeek,23000,Arrondissement de Hal-Vilvorde,Arrondissement Halle-Vilvoorde,23,20000,,,,,,2019
23098,Drogenbos,Drogenbos,23000,Arrondissement de Hal-Vilvorde,Arrondissement Halle-Vilvoorde,23,20000,,,,,,2019
23023,Gammerages,Galmaarden,23000,Arrondissement de Hal-Vilvorde,Arrondissement Halle-Vilvoorde,23,20000,,,,,,2019
23024,Gooik,Gooik,23000,Arrondissement de Hal-Vilvorde,Arrondissement Halle-Vilvoorde,23,20000,,,,,,2019
23025,Grimbergen,Grimbergen,23000,Arrondissement de Hal-Vilvorde,Arrondissement Halle-Vilvoorde,23,20000,,,,,,2019
23027,Hal,Halle,23000,Arrondissement de Hal-Vilvorde,Arrondissement Halle-Vilvoorde,23,20000,,,,,,2019
23032,Herne,Herne,23000,Arrondissement de Hal-Vilvorde,Arrondissement Halle-Vilvoorde,23,20000,,,,,,2019
23033,Hoeilaart,Hoeilaart,23000,Arrondissement de Hal-Vilvorde,Arrondissement Halle-Vilvoorde,23,20000,,,,,,2019
23038,Kampenhout,Kampenhout,23000,Arrondissement de Hal-Vilvorde,Arrondissement Halle-Vilvoorde,23,20000,,,,,,2019
23039,Kapelle-op-den-Bos,Kapelle-op-den-Bos,23000,Arrondissement de Hal-Vilvorde,Arrondissement Halle-Vilvoorde,23,20000,,,,,,2019
23099,Kraainem,Kraainem,23000,Arrondissement de Hal-Vilvorde,Arrondissement Halle-Vilvoorde,23,20000,,,,,,2019
23104,Lennik,Lennik,23000,Arrondissement de Hal-Vilvorde,Arrondissement Halle-Vilvoorde,23,20000,,,,,,2019
23044,Liedekerke,Liedekerke,23000,Arrondissement de Hal-Vilvorde,Arrondissement Halle-Vilvoorde,23,20000,,,,,,2019
23100,Linkebeek,Linkebeek,23000,Arrondissement de Hal-Vilvorde,Arrondissement Halle-Vilvoorde,23,20000,,,,,,2019
23045,Londerzeel,Londerzeel,23000,Arrondissement de Hal-Vilvorde,Arrondissement Halle-Vilvoorde,23,20000,,,,,,2019
23047,Machelen,Machelen,23000,Arrondissement de Hal-Vilvorde,Arrondissement Halle-Vilvoorde,23,20000,,,,,,2019
23050,Meise,Meise,23000,Arrondissement de Hal-Vilvorde,Arrondissement Halle-Vilvoorde,23,20000,,,,,,2019
23052,Merchtem,Merchtem,23000,Arrondissement de Hal-Vilvorde,Arrondissement Halle-Vilvoorde,23,20000,,,,,,2019
23060,Opwijk,Opwijk,23000,Arrondissement de Hal-Vilvorde,Arrondissement Halle-Vilvoorde,23,20000,,,,,,2019
23062,Overijse,Overijse,23000,Arrondissement de Hal-Vilvorde,Arrondissement Halle-Vilvoorde,23,20000,,,,,,2019
23064,Pepingen,Pepingen,23000,Arrondissement de Hal-Vilvorde,Arrondissement Halle-Vilvoorde,23,20000,,,,,,2019
23101,Rhode-Saint-Genèse,Sint-Genesius-Rode,23000,Arrondissement de Hal-Vilvorde,Arrondissement Halle-Vilvoorde,23,20000,,,,,,2019
23097,Roosdaal,Roosdaal,23000,Arrondissement de Hal-Vilvorde,Arrondissement Halle-Vilvoorde,23,20000,,,,,,2019
23077,Sint-Pieters-Leeuw,Sint-Pieters-Leeuw,23000,Arrondissement de Hal-Vilvorde,Arrondissement Halle-Vilvoorde,23,20000,,,,,,2019
23081,Steenokkerzeel,Steenokkerzeel,23000,Arrondissement de Hal-Vilvorde,Arrondissement Halle-Vilvoorde,23,20000,,,,,,2019
23086,Ternat,Ternat,23000,Arrondissement de Hal-Vilvorde,Arrondissement Halle-Vilvoorde,23,20000,,,,,,2019
23088,Vilvorde,Vilvoorde,23000,Arrondissement de Hal-Vilvorde,Arrondissement Halle-Vilvoorde,23,20000,,,,,,2019
23102,Wemmel,Wemmel,23000,Arrondissement de Hal-Vilvorde,Arrondissement Halle-Vilvoorde,23,20000,,,,,,2019
23103,Wezembeek-Oppem,Wezembeek-Oppem,23000,Arrondissement de Hal-Vilvorde,Arrondissement Halle-Vilvoorde,23,20000,,,,,,2019
23094,Zaventem,Zaventem,23000,Arrondissement de Hal-Vilvorde,Arrondissement Halle-Vilvoorde,23,20000,,,,,,2019
23096,Zemst,Zemst,23000,Arrondissement de Hal-Vilvorde,Arrondissement Halle-Vilvoorde,23,20000,,,,,,2019
24001,Aarschot,Aarschot,24000,Arrondissement de Louvain,Arrondissement Leuven,24,20000,,,,,,2019
24007,Begijnendijk,Begijnendijk,24000,Arrondissement de Louvain,Arrondissement Leuven,24,20000,,,,,,2019
24008,Bekkevoort,Bekkevoort,24000,Arrondissement de Louvain,Arrondissement Leuven,24,20000,,,,,,2019
24009,Bertem,Bertem,24000,Arrondissement de Louvain,Arrondissement Leuven,24,20000,,,,,,2019
24011,Bierbeek,Bierbeek,24000,Arrondissement de Louvain,Arrondissement Leuven,24,20000,,,,,,2019
24014,Boortmeerbeek,Boortmeerbeek,24000,Arrondissement de Louvain,Arrondissement Leuven,24,20000,,,,,,2019
24016,Boutersem,Boutersem,24000,Arrondissement de Louvain,Arrondissement Leuven,24,20000,,,,,,2019
24020,Diest,Diest,24000,Arrondissement de Louvain,Arrondissement Leuven,24,20000,,,,,,2019
24028,Geetbets,Geetbets,24000,Arrondissement de Louvain,Arrondissement Leuven,24,20000,,,,,,2019
24137,Glabbeek,Glabbeek,24000,Arrondissement de Louvain,Arrondissement Leuven,24,20000,,,,,,2019
24033,Haacht,Haacht,24000,Arrondissement de Louvain,Arrondissement Leuven,24,20000,,,,,,2019
24038,Herent,Herent,24000,Arrondissement de Louvain,Arrondissement Leuven,24,20000,,,,,,2019
24041,Hoegaarden,Hoegaarden,24000,Arrondissement de Louvain,Arrondissement Leuven,24,20000,,,,,,2019
24043,Holsbeek,Holsbeek,24000,Arrondissement de Louvain,Arrondissement Leuven,24,20000,,,,,,2019
24045,Huldenberg,Huldenberg,24000,Arrondissement de Louvain,Arrondissement Leuven,24,20000,,,,,,2019
24048,Keerbergen,Keerbergen,24000,Arrondissement de Louvain,Arrondissement Leuven,24,20000,,,,,,2019
24054,Kortenaken,Kortenaken,24000,Arrondissement de Louvain,Arrondissement Leuven,24,20000,,,,,,2019
24055,Kortenberg,Kortenberg,24000,Arrondissement de Louvain,Arrondissement Leuven,24,20000,,,,,,2019
24059,Landen,Landen,24000,Arrondissement de Louvain,Arrondissement Leuven,24,20000,,,,,,2019
24130,Léau,Zoutleeuw,24000,Arrondissement de Louvain,Arrondissement Leuven,24,20000,,,,,,2019
24133,Linter,Linter,24000,Arrondissement de Louvain,Arrondissement Leuven,24,20000,,,,,,2019
24062,Louvain,Leuven,24000,Arrondissement de Louvain,Arrondissement Leuven,24,20000,,,,,,2019
24066,Lubbeek,Lubbeek,24000,Arrondissement de Louvain,Arrondissement Leuven,24,20000,,,,,,2019
24134,Montaigu-Zichem,Scherpenheuvel-Zichem,24000,Arrondissement de Louvain,Arrondissement Leuven,24,20000,,,,,,2019
24086,Oud-Heverlee,Oud-Heverlee,24000,Arrondissement de Louvain,Arrondissement Leuven,24,20000,,,,,,2019
24094,Rotselaar,Rotselaar,24000,Arrondissement de Louvain,Arrondissement Leuven,24,20000,,,,,,2019
24104,Tervuren,Tervuren,24000,Arrondissement de Louvain,Arrondissement Leuven,24,20000,,,,,,2019
24135,Tielt-Winge,Tielt-Winge,24000,Arrondissement de Louvain,Arrondissement Leuven,24,20000,,,,,,2019
24107,Tirlemont,Tienen,24000,Arrondissement de Louvain,Arrondissement Leuven,24,20000,,,,,,2019
24109,Tremelo,Tremelo,24000,Arrondissement de Louvain,Arrondissement Leuven,24,20000,,,,,,2019
25005,Beauvechain,Bevekom,25000,Arrondissement de Nivelles,Arrondissement Nijvel,25,20000,,,,,,2019
25014,Braine-l'Alleud,Eigenbrakel,25000,Arrondissement de Nivelles,Arrondissement Nijvel,25,20000,,,,,,2019
25015,Braine-le-Château,Kasteelbrakel,25000,Arrondissement de Nivelles,Arrondissement Nijvel,25,20000,,,,,,2019
25117,Chastre,Chastre,25000,Arrondissement de Nivelles,Arrondissement Nijvel,25,20000,,,,,,2019
25018,Chaumont-Gistoux,Chaumont-Gistoux,25000,Arrondissement de Nivelles,Arrondissement Nijvel,25,20000,,,,,,2019
25023,Court-Saint-Etienne,Court-Saint-Etienne,25000,Arrondissement de Nivelles,Arrondissement Nijvel,25,20000,,,,,,2019
25031,Genappe,Genepien,25000,Arrondissement de Nivelles,Arrondissement Nijvel,25,20000,,,,,,2019
25037,Grez-Doiceau,Graven,25000,Arrondissement de Nivelles,Arrondissement Nijvel,25,20000,,,,,,2019
25118,Hélécine,Hélécine,25000,Arrondissement de Nivelles,Arrondissement Nijvel,25,20000,,,,,,2019
25043,Incourt,Incourt,25000,Arrondissement de Nivelles,Arrondissement Nijvel,25,20000,,,,,,2019
25044,Ittre,Itter,25000,Arrondissement de Nivelles,Arrondissement Nijvel,25,20000,,,,,,2019
25048,Jodoigne,Geldenaken,25000,Arrondissement de Nivelles,Arrondissement Nijvel,25,20000,,,,,,2019
25050,La Hulpe,Terhulpen,25000,Arrondissement de Nivelles,Arrondissement Nijvel,25,20000,,,,,,2019
25119,Lasne,Lasne,25000,Arrondissement de Nivelles,Arrondissement Nijvel,25,20000,,,,,,2019
25068,Mont-Saint-Guibert,Mont-Saint-Guibert,25000,Arrondissement de Nivelles,Arrondissement Nijvel,25,20000,,,,,,2019
25072,Nivelles,Nijvel,25000,Arrondissement de Nivelles,Arrondissement Nijvel,25,20000,,,,,,2019
25120,Orp-Jauche,Orp-Jauche,25000,Arrondissement de Nivelles,Arrondissement Nijvel,25,20000,,,,,,2019
25121,Ottignies-Louvain-la-Neuve,Ottignies-Louvain-la-Neuve,25000,Arrondissement de Nivelles,Arrondissement Nijvel,25,20000,,,,,,2019
25084,Perwez,Perwijs,25000,Arrondissement de Nivelles,Arrondissement Nijvel,25,20000,,,,,,2019
25122,Ramillies,Ramillies,25000,Arrondissement de Nivelles,Arrondissement Nijvel,25,20000,,,,,,2019
25123,Rebecq,Rebecq,25000,Arrondissement de Nivelles,Arrondissement Nijvel,25,20000,,,,,,2019
25091,Rixensart,Rixensart,25000,Arrondissement de Nivelles,Arrondissement Nijvel,25,20000,,,,,,2019
25105,Tubize,Tubeke,25000,Arrondissement de Nivelles,Arrondissement Nijvel,25,20000,,,,,,2019
25107,Villers-la-Ville,Villers-la-Ville,25000,Arrondissement de Nivelles,Arrondissement Nijvel,25,20000,,,,,,2019
25124,Walhain,Walhain,25000,Arrondissement de Nivelles,Arrondissement Nijvel,25,20000,,,,,,2019
25110,Waterloo,Waterloo,25000,Arrondissement de Nivelles,Arrondissement Nijvel,25,20000,,,,,,2019
25112,Wavre,Waver,25000,Arrondissement de Nivelles,Arrondissement Nijvel,25,20000,,,,,,2019
31003,Beernem,Beernem,31000,Arrondissement de Bruges,Arrondissement Brugge,31,30000,Province de Flandre Occidentale,Provincie West-Vlaanderen,2000,RÉGION FLAMANDE,VLAAMS GEWEST,2019
31004,Blankenberge,Blankenberge,31000,Arrondissement de Bruges,Arrondissement Brugge,31,30000,Province de Flandre Occidentale,Provincie West-Vlaanderen,2000,RÉGION FLAMANDE,VLAAMS GEWEST,2019
31005,Bruges,Brugge,31000,Arrondissement de Bruges,Arrondissement Brugge,31,30000,Province de Flandre Occidentale,Provincie West-Vlaanderen,2000,RÉGION FLAMANDE,VLAAMS GEWEST,2019
31006,Damme,Damme,31000,Arrondissement de Bruges,Arrondissement Brugge,31,30000,Province de Flandre Occidentale,Provincie West-Vlaanderen,2000,RÉGION FLAMANDE,VLAAMS GEWEST,2019
31012,Jabbeke,Jabbeke,31000,Arrondissement de Bruges,Arrondissement Brugge,31,30000,Province de Flandre Occidentale,Provincie West-Vlaanderen,2000,RÉGION FLAMANDE,VLAAMS GEWEST,2019
31043,Knokke-Heist,Knokke-Heist,31000,Arrondissement de Bruges,Arrondissement Brugge,31,30000,Province de Flandre Occidentale,Provincie West-Vlaanderen,2000,RÉGION FLAMANDE,VLAAMS GEWEST,2019
31022,Oostkamp,Oostkamp,31000,Arrondissement de Bruges,Arrondissement Brugge,31,30000,Province de Flandre Occidentale,Provincie West-Vlaanderen,2000,RÉGION FLAMANDE,VLAAMS GEWEST,2019
31033,Torhout,Torhout,31000,Arrondissement de Bruges,Arrondissement Brugge,31,30000,Province de Flandre Occidentale,Provincie West-Vlaanderen,2000,RÉGION FLAMANDE,VLAAMS GEWEST,2019
31040,Zedelgem,Zedelgem,31000,Arrondissement de Bruges,Arrondissement Brugge,31,30000,Province de Flandre Occidentale,Provincie West-Vlaanderen,2000,RÉGION FLAMANDE,VLAAMS GEWEST,2019
31042,Zuienkerke,Zuienkerke,31000,Arrondissement de Bruges,Arrondissement Brugge,31,30000,Province de Flandre Occidentale,Provincie West-Vlaanderen,2000,RÉGION FLAMANDE,VLAAMS GEWEST,2019
32003,Dixmude,Diksmuide,32000,Arrondissement de Dixmude,Arrondissement Diksmuide,32,30000,Province de Flandre Occidentale,Provincie West-Vlaanderen,2000,RÉGION FLAMANDE,VLAAMS GEWEST,2019
32006,Houthulst,Houthulst,32000,Arrondissement de Dixmude,Arrondissement Diksmuide,32,30000,Province de Flandre Occidentale,Provincie West-Vlaanderen,2000,RÉGION FLAMANDE,VLAAMS GEWEST,2019
32010,Koekelare,Koekelare,32000,Arrondissement de Dixmude,Arrondissement Diksmuide,32,30000,Province de Flandre Occidentale,Provincie West-Vlaanderen,2000,RÉGION FLAMANDE,VLAAMS GEWEST,2019
32011,Kortemark,Kortemark,32000,Arrondissement de Dixmude,Arrondissement Diksmuide,32,30000,Province de Flandre Occidentale,Provincie West-Vlaanderen,2000,RÉGION FLAMANDE,VLAAMS GEWEST,2019
32030,Lo-Reninge,Lo-Reninge,32000,Arrondissement de Dixmude,Arrondissement Diksmuide,32,30000,Province de Flandre Occidentale,Provincie West-Vlaanderen,2000,RÉGION FLAMANDE,VLAAMS GEWEST,2019
33039,Heuvelland,Heuvelland,33000,Arrondissement d'Ypres,Arrondissement Ieper,33,30000,Province de Flandre Occidentale,Provincie West-Vlaanderen,2000,RÉGION FLAMANDE,VLAAMS GEWEST,2019
33040,Langemark-Poelkapelle,Langemark-Poelkapelle,33000,Arrondissement d'Ypres,Arrondissement Ieper,33,30000,Province de Flandre Occidentale,Provincie West-Vlaanderen,2000,RÉGION FLAMANDE,VLAAMS GEWEST,2019
33016,Messines,Mesen,33000,Arrondissement d'Ypres,Arrondissement Ieper,33,30000,Province de Flandre Occidentale,Provincie West-Vlaanderen,2000,RÉGION FLAMANDE,VLAAMS GEWEST,2019
33021,Poperinge,Poperinge,33000,Arrondissement d'Ypres,Arrondissement Ieper,33,30000,Province de Flandre Occidentale,Provincie West-Vlaanderen,2000,RÉGION FLAMANDE,VLAAMS GEWEST,2019
33041,Vleteren,Vleteren,33000,Arrondissement d'Ypres,Arrondissement Ieper,33,30000,Province de Flandre Occidentale,Provincie West-Vlaanderen,2000,RÉGION FLAMANDE,VLAAMS GEWEST,2019
33029,Wervik,Wervik,33000,Arrondissement d'Ypres,Arrondissement Ieper,33,30000,Province de Flandre Occidentale,Provincie West-Vlaanderen,2000,RÉGION FLAMANDE,VLAAMS GEWEST,2019
33011,Ypres,Ieper,33000,Arrondissement d'Ypres,Arrondissement Ieper,33,30000,Province de Flandre Occidentale,Provincie West-Vlaanderen,2000,RÉGION FLAMANDE,VLAAMS GEWEST,2019
33037,Zonnebeke,Zonnebeke,33000,Arrondissement d'Ypres,Arrondissement Ieper,33,30000,Province de Flandre Occidentale,Provincie West-Vlaanderen,2000,RÉGION FLAMANDE,VLAAMS GEWEST,2019
34002,Anzegem,Anzegem,34000,Arrondissement de Courtrai,Arrondissement Kortrijk,34,30000,Province de Flandre Occidentale,Provincie West-Vlaanderen,2000,RÉGION FLAMANDE,VLAAMS GEWEST,2019
34003,Avelgem,Avelgem,34000,Arrondissement de Courtrai,Arrondissement Kortrijk,34,30000,Province de Flandre Occidentale,Provincie West-Vlaanderen,2000,RÉGION FLAMANDE,VLAAMS GEWEST,2019
34022,Courtrai,Kortrijk,34000,Arrondissement de Courtrai,Arrondissement Kortrijk,34,30000,Province de Flandre Occidentale,Provincie West-Vlaanderen,2000,RÉGION FLAMANDE,VLAAMS GEWEST,2019
34009,Deerlijk,Deerlijk,34000,Arrondissement de Courtrai,Arrondissement Kortrijk,34,30000,Province de Flandre Occidentale,Provincie West-Vlaanderen,2000,RÉGION FLAMANDE,VLAAMS GEWEST,2019
34043,Espierres-Helchin,Spiere-Helkijn,34000,Arrondissement de Courtrai,Arrondissement Kortrijk,34,30000,Province de Flandre Occidentale,Provincie West-Vlaanderen,2000,RÉGION FLAMANDE,VLAAMS GEWEST,2019
34013,Harelbeke,Harelbeke,34000,Arrondissement de Courtrai,Arrondissement Kortrijk,34,30000,Province de Flandre Occidentale,Provincie West-Vlaanderen,2000,RÉGION FLAMANDE,VLAAMS GEWEST,2019
34023,Kuurne,Kuurne,34000,Arrondissement de Courtrai,Arrondissement Kortrijk,34,30000,Province de Flandre Occidentale,Provincie West-Vlaanderen,2000,RÉGION FLAMANDE,VLAAMS GEWEST,2019
34025,Lendelede,Lendelede,34000,Arrondissement de Courtrai,Arrondissement Kortrijk,34,30000,Province de Flandre Occidentale,Provincie West-Vlaanderen,2000,RÉGION FLAMANDE,VLAAMS GEWEST,2019
34027,Menin,Menen,34000,Arrondissement de Courtrai,Arrondissement Kortrijk,34,30000,Province de Flandre Occidentale,Provincie West-Vlaanderen,2000,RÉGION FLAMANDE,VLAAMS GEWEST,2019
34040,Waregem,Waregem,34000,Arrondissement de Courtrai,Arrondissement Kortrijk,34,30000,Province de Flandre Occidentale,Provincie West-Vlaanderen,2000,RÉGION FLAMANDE,VLAAMS GEWEST,2019
34041,Wevelgem,Wevelgem,34000,Arrondissement de Courtrai,Arrondissement Kortrijk,34,30000,Province de Flandre Occidentale,Provincie West-Vlaanderen,2000,RÉGION FLAMANDE,VLAAMS GEWEST,2019
34042,Zwevegem,Zwevegem,34000,Arrondissement de Courtrai,Arrondissement Kortrijk,34,30000,Province de Flandre Occidentale,Provincie West-Vlaanderen,2000,RÉGION FLAMANDE,VLAAMS GEWEST,2019
35002,Bredene,Bredene,35000,Arrondissement d'Ostende,Arrondissement Oostende,35,30000,Province de Flandre Occidentale,Provincie West-Vlaanderen,2000,RÉGION FLAMANDE,VLAAMS GEWEST,2019
35029,De Haan,De Haan,35000,Arrondissement d'Ostende,Arrondissement Oostende,35,30000,Province de Flandre Occidentale,Provincie West-Vlaanderen,2000,RÉGION FLAMANDE,VLAAMS GEWEST,2019
35005,Gistel,Gistel,35000,Arrondissement d'Ostende,Arrondissement Oostende,35,30000,Province de Flandre Occidentale,Provincie West-Vlaanderen,2000,RÉGION FLAMANDE,VLAAMS GEWEST,2019
35006,Ichtegem,Ichtegem,35000,Arrondissement d'Ostende,Arrondissement Oostende,35,30000,Province de Flandre Occidentale,Provincie West-Vlaanderen,2000,RÉGION FLAMANDE,VLAAMS GEWEST,2019
35011,Middelkerke,Middelkerke,35000,Arrondissement d'Ostende,Arrondissement Oostende,35,30000,Province de Flandre Occidentale,Provincie West-Vlaanderen,2000,RÉGION FLAMANDE,VLAAMS GEWEST,2019
35013,Ostende,Oostende,35000,Arrondissement d'Ostende,Arrondissement Oostende,35,30000,Province de Flandre Occidentale,Provincie West-Vlaanderen,2000,RÉGION FLAMANDE,VLAAMS GEWEST,2019
35014,Oudenburg,Oudenburg,35000,Arrondissement d'Ostende,Arrondissement Oostende,35,30000,Province de Flandre Occidentale,Provincie West-Vlaanderen,2000,RÉGION FLAMANDE,VLAAMS GEWEST,2019
36006,Hooglede,Hooglede,36000,Arrondissement de Roulers,Arrondissement Roeselare,36,30000,Province de Flandre Occidentale,Provincie West-Vlaanderen,2000,RÉGION FLAMANDE,VLAAMS GEWEST,2019
36007,Ingelmunster,Ingelmunster,36000,Arrondissement de Roulers,Arrondissement Roeselare,36,30000,Province de Flandre Occidentale,Provincie West-Vlaanderen,2000,RÉGION FLAMANDE,VLAAMS GEWEST,2019
36008,Izegem,Izegem,36000,Arrondissement de Roulers,Arrondissement Roeselare,36,30000,Province de Flandre Occidentale,Provincie West-Vlaanderen,2000,RÉGION FLAMANDE,VLAAMS GEWEST,2019
36010,Ledegem,Ledegem,36000,Arrondissement de Roulers,Arrondissement Roeselare,36,30000,Province de Flandre Occidentale,Provincie West-Vlaanderen,2000,RÉGION FLAMANDE,VLAAMS GEWEST,2019
36011,Lichtervelde,Lichtervelde,36000,Arrondissement de Roulers,Arrondissement Roeselare,36,30000,Province de Flandre Occidentale,Provincie West-Vlaanderen,2000,RÉGION FLAMANDE,VLAAMS GEWEST,2019
36012,Moorslede,Moorslede,36000,Arrondissement de Roulers,Arrondissement Roeselare,36,30000,Province de Flandre Occidentale,Provincie West-Vlaanderen,2000,RÉGION FLAMANDE,VLAAMS GEWEST,2019
36015,Roulers,Roeselare,36000,Arrondissement de Roulers,Arrondissement Roeselare,36,30000,Province de Flandre Occidentale,Provincie West-Vlaanderen,2000,RÉGION FLAMANDE,VLAAMS GEWEST,2019
36019,Staden,Staden,36000,Arrondissement de Roulers,Arrondissement Roeselare,36,30000,Province de Flandre Occidentale,Provincie West-Vlaanderen,2000,RÉGION FLAMANDE,VLAAMS GEWEST,2019
37020,Ardooie,Ardooie,37000,Arrondissement de Tielt,Arrondissement Tielt,37,30000,Province de Flandre Occidentale,Provincie West-Vlaanderen,2000,RÉGION FLAMANDE,VLAAMS GEWEST,2019
37002,Dentergem,Dentergem,37000,Arrondissement de Tielt,Arrondissement Tielt,37,30000,Province de Flandre Occidentale,Provincie West-Vlaanderen,2000,RÉGION FLAMANDE,VLAAMS GEWEST,2019
37007,Meulebeke,Meulebeke,37000,Arrondissement de Tielt,Arrondissement Tielt,37,30000,Province de Flandre Occidentale,Provincie West-Vlaanderen,2000,RÉGION FLAMANDE,VLAAMS GEWEST,2019
37010,Oostrozebeke,Oostrozebeke,37000,Arrondissement de Tielt,Arrondissement Tielt,37,30000,Province de Flandre Occidentale,Provincie West-Vlaanderen,2000,RÉGION FLAMANDE,VLAAMS GEWEST,2019
37011,Pittem,Pittem,37000,Arrondissement de Tielt,Arrondissement Tielt,37,30000,Province de Flandre Occidentale,Provincie West-Vlaanderen,2000,RÉGION FLAMANDE,VLAAMS GEWEST,2019
37012,Ruiselede,Ruiselede,37000,Arrondissement de Tielt,Arrondissement Tielt,37,30000,Province de Flandre Occidentale,Provincie West-Vlaanderen,2000,RÉGION FLAMANDE,VLAAMS GEWEST,2019
37015,Tielt,Tielt,37000,Arrondissement de Tielt,Arrondissement Tielt,37,30000,Province de Flandre Occidentale,Provincie West-Vlaanderen,2000,RÉGION FLAMANDE,VLAAMS GEWEST,2019
37017,Wielsbeke,Wielsbeke,37000,Arrondissement de Tielt,Arrondissement Tielt,37,30000,Province de Flandre Occidentale,Provincie West-Vlaanderen,2000,RÉGION FLAMANDE,VLAAMS GEWEST,2019
37018,Wingene,Wingene,37000,Arrondissement de Tielt,Arrondissement Tielt,37,30000,Province de Flandre Occidentale,Provincie West-Vlaanderen,2000,RÉGION FLAMANDE,VLAAMS GEWEST,2019
38002,Alveringem,Alveringem,38000,Arrondissement de Furnes,Arrondissement Veurne,38,30000,Province de Flandre Occidentale,Provincie West-Vlaanderen,2000,RÉGION FLAMANDE,VLAAMS GEWEST,2019
38025,Furnes,Veurne,38000,Arrondissement de Furnes,Arrondissement Veurne,38,30000,Province de Flandre Occidentale,Provincie West-Vlaanderen,2000,RÉGION FLAMANDE,VLAAMS GEWEST,2019
38014,Koksijde,Koksijde,38000,Arrondissement de Furnes,Arrondissement Veurne,38,30000,Province de Flandre Occidentale,Provincie West-Vlaanderen,2000,RÉGION FLAMANDE,VLAAMS GEWEST,2019
38008,La Panne,De Panne,38000,Arrondissement de Furnes,Arrondissement Veurne,38,30000,Province de Flandre Occidentale,Provincie West-Vlaanderen,2000,RÉGION FLAMANDE,VLAAMS GEWEST,2019
38016,Nieuport,Nieuwpoort,38000,Arrondissement de Furnes,Arrondissement Veurne,38,30000,Province de Flandre Occidentale,Provincie West-Vlaanderen,2000,RÉGION FLAMANDE,VLAAMS GEWEST,2019
41002,Alost,Aalst,41000,Arrondissement d'Alost,Arrondissement Aalst,41,40000,Province de Flandre Orientale,Provincie Oost-Vlaanderen,2000,RÉGION FLAMANDE,VLAAMS GEWEST,2019
41011,Denderleeuw,Denderleeuw,41000,Arrondissement d'Alost,Arrondissement Aalst,41,40000,Province de Flandre Orientale,Provincie Oost-Vlaanderen,2000,RÉGION FLAMANDE,VLAAMS GEWEST,2019
41082,Erpe-Mere,Erpe-Mere,41000,Arrondissement d'Alost,Arrondissement Aalst,41,40000,Province de Flandre Orientale,Provincie Oost-Vlaanderen,2000,RÉGION FLAMANDE,VLAAMS GEWEST,2019
41018,Grammont,Geraardsbergen,41000,Arrondissement d'Alost,Arrondissement Aalst,41,40000,Province de Flandre Orientale,Provincie Oost-Vlaanderen,2000,RÉGION FLAMANDE,VLAAMS GEWEST,2019
41024,Haaltert,Haaltert,41000,Arrondissement d'Alost,Arrondissement Aalst,41,40000,Province de Flandre Orientale,Provincie Oost-Vlaanderen,2000,RÉGION FLAMANDE,VLAAMS GEWEST,2019
41027,Herzele,Herzele,41000,Arrondissement d'Alost,Arrondissement Aalst,41,40000,Province de Flandre Orientale,Provincie Oost-Vlaanderen,2000,RÉGION FLAMANDE,VLAAMS GEWEST,2019
41034,Lede,Lede,41000,Arrondissement d'Alost,Arrondissement Aalst,41,40000,Province de Flandre Orientale,Provincie Oost-Vlaanderen,2000,RÉGION FLAMANDE,VLAAMS GEWEST,2019
41048,Ninove,Ninove,41000,Arrondissement d'Alost,Arrondissement Aalst,41,40000,Province de Flandre Orientale,Provincie Oost-Vlaanderen,2000,RÉGION FLAMANDE,VLAAMS GEWEST,2019
41063,Sint-Lievens-Houtem,Sint-Lievens-Houtem,41000,Arrondissement d'Alost,Arrondissement Aalst,41,40000,Province de Flandre Orientale,Provincie Oost-Vlaanderen,2000,RÉGION FLAMANDE,VLAAMS GEWEST,2019
41081,Zottegem,Zottegem,41000,Arrondissement d'Alost,Arrondissement Aalst,41,40000,Province de Flandre Orientale,Provincie Oost-Vlaanderen,2000,RÉGION FLAMANDE,VLAAMS GEWEST,2019
42003,Berlare,Berlare,42000,Arrondissement de Termonde,Arrondissement Dendermonde,42,40000,Province de Flandre Orientale,Provincie Oost-Vlaanderen,2000,RÉGION FLAMANDE,VLAAMS GEWEST,2019
42004,Buggenhout,Buggenhout,42000,Arrondissement de Termonde,Arrondissement Dendermonde,42,40000,Province de Flandre Orientale,Provincie Oost-Vlaanderen,2000,RÉGION FLAMANDE,VLAAMS GEWEST,2019
42008,Hamme,Hamme,42000,Arrondissement de Termonde,Arrondissement Dendermonde,42,40000,Province de Flandre Orientale,Provincie Oost-Vlaanderen,2000,RÉGION FLAMANDE,VLAAMS GEWEST,2019
42010,Laarne,Laarne,42000,Arrondissement de Termonde,Arrondissement Dendermonde,42,40000,Province de Flandre Orientale,Provincie Oost-Vlaanderen,2000,RÉGION FLAMANDE,VLAAMS GEWEST,2019
42011,Lebbeke,Lebbeke,42000,Arrondissement de Termonde,Arrondissement Dendermonde,42,40000,Province de Flandre Orientale,Provincie Oost-Vlaanderen,2000,RÉGION FLAMANDE,VLAAMS GEWEST,2019
42006,Termonde,Dendermonde,42000,Arrondissement de Termonde,Arrondissement Dendermonde,42,40000,Province de Flandre Orientale,Provincie Oost-Vlaanderen,2000,RÉGION FLAMANDE,VLAAMS GEWEST,2019
42023,Waasmunster,Waasmunster,42000,Arrondissement de Termonde,Arrondissement Dendermonde,42,40000,Province de Flandre Orientale,Provincie Oost-Vlaanderen,2000,RÉGION FLAMANDE,VLAAMS GEWEST,2019
42025,Wetteren,Wetteren,42000,Arrondissement de Termonde,Arrondissement Dendermonde,42,40000,Province de Flandre Orientale,Provincie Oost-Vlaanderen,2000,RÉGION FLAMANDE,VLAAMS GEWEST,2019
42026,Wichelen,Wichelen,42000,Arrondissement de Termonde,Arrondissement Dendermonde,42,40000,Province de Flandre Orientale,Provincie Oost-Vlaanderen,2000,RÉGION FLAMANDE,VLAAMS GEWEST,2019
42028,Zele,Zele,42000,Arrondissement de Termonde,Arrondissement Dendermonde,42,40000,Province de Flandre Orientale,Provincie Oost-Vlaanderen,2000,RÉGION FLAMANDE,VLAAMS GEWEST,2019
43002,Assenede,Assenede,43000,Arrondissement d'Eeklo,Arrondissement Eeklo,43,40000,Province de Flandre Orientale,Provincie Oost-Vlaanderen,2000,RÉGION FLAMANDE,VLAAMS GEWEST,2019
43005,Eeklo,Eeklo,43000,Arrondissement d'Eeklo,Arrondissement Eeklo,43,40000,Province de Flandre Orientale,Provincie Oost-Vlaanderen,2000,RÉGION FLAMANDE,VLAAMS GEWEST,2019
43007,Kaprijke,Kaprijke,43000,Arrondissement d'Eeklo,Arrondissement Eeklo,43,40000,Province de Flandre Orientale,Provincie Oost-Vlaanderen,2000,RÉGION FLAMANDE,VLAAMS GEWEST,2019
43010,Maldegem,Maldegem,43000,Arrondissement d'Eeklo,Arrondissement Eeklo,43,40000,Province de Flandre Orientale,Provincie Oost-Vlaanderen,2000,RÉGION FLAMANDE,VLAAMS GEWEST,2019
43014,Sint-Laureins,Sint-Laureins,43000,Arrondissement d'Eeklo,Arrondissement Eeklo,43,40000,Province de Flandre Orientale,Provincie Oost-Vlaanderen,2000,RÉGION FLAMANDE,VLAAMS GEWEST,2019
43018,Zelzate,Zelzate,43000,Arrondissement d'Eeklo,Arrondissement Eeklo,43,40000,Province de Flandre Orientale,Provincie Oost-Vlaanderen,2000,RÉGION FLAMANDE,VLAAMS GEWEST,2019
44084,Aalter,Aalter,44000,Arrondissement de Gand,Arrondissement Gent,44,40000,Province de Flandre Orientale,Provincie Oost-Vlaanderen,2000,RÉGION FLAMANDE,VLAAMS GEWEST,2019
44012,De Pinte,De Pinte,44000,Arrondissement de Gand,Arrondissement Gent,44,40000,Province de Flandre Orientale,Provincie Oost-Vlaanderen,2000,RÉGION FLAMANDE,VLAAMS GEWEST,2019
44083,Deinze,Deinze,44000,Arrondissement de Gand,Arrondissement Gent,44,40000,Province de Flandre Orientale,Provincie Oost-Vlaanderen,2000,RÉGION FLAMANDE,VLAAMS GEWEST,2019
44013,Destelbergen,Destelbergen,44000,Arrondissement de Gand,Arrondissement Gent,44,40000,Province de Flandre Orientale,Provincie Oost-Vlaanderen,2000,RÉGION FLAMANDE,VLAAMS GEWEST,2019
44019,Evergem,Evergem,44000,Arrondissement de Gand,Arrondissement Gent,44,40000,Province de Flandre Orientale,Provincie Oost-Vlaanderen,2000,RÉGION FLAMANDE,VLAAMS GEWEST,2019
44021,Gand,Gent,44000,Arrondissement de Gand,Arrondissement Gent,44,40000,Province de Flandre Orientale,Provincie Oost-Vlaanderen,2000,RÉGION FLAMANDE,VLAAMS GEWEST,2019
44020,Gavere,Gavere,44000,Arrondissement de Gand,Arrondissement Gent,44,40000,Province de Flandre Orientale,Provincie Oost-Vlaanderen,2000,RÉGION FLAMANDE,VLAAMS GEWEST,2019
44085,Lievegem,Lievegem,44000,Arrondissement de Gand,Arrondissement Gent,44,40000,Province de Flandre Orientale,Provincie Oost-Vlaanderen,2000,RÉGION FLAMANDE,VLAAMS GEWEST,2019
44034,Lochristi,Lochristi,44000,Arrondissement de Gand,Arrondissement Gent,44,40000,Province de Flandre Orientale,Provincie Oost-Vlaanderen,2000,RÉGION FLAMANDE,VLAAMS GEWEST,2019
44040,Melle,Melle,44000,Arrondissement de Gand,Arrondissement Gent,44,40000,Province de Flandre Orientale,Provincie Oost-Vlaanderen,2000,RÉGION FLAMANDE,VLAAMS GEWEST,2019
44043,Merelbeke,Merelbeke,44000,Arrondissement de Gand,Arrondissement Gent,44,40000,Province de Flandre Orientale,Provincie Oost-Vlaanderen,2000,RÉGION FLAMANDE,VLAAMS GEWEST,2019
44045,Moerbeke,Moerbeke,44000,Arrondissement de Gand,Arrondissement Gent,44,40000,Province de Flandre Orientale,Provincie Oost-Vlaanderen,2000,RÉGION FLAMANDE,VLAAMS GEWEST,2019
44048,Nazareth,Nazareth,44000,Arrondissement de Gand,Arrondissement Gent,44,40000,Province de Flandre Orientale,Provincie Oost-Vlaanderen,2000,RÉGION FLAMANDE,VLAAMS GEWEST,2019
44052,Oosterzele,Oosterzele,44000,Arrondissement de Gand,Arrondissement Gent,44,40000,Province de Flandre Orientale,Provincie Oost-Vlaanderen,2000,RÉGION FLAMANDE,VLAAMS GEWEST,2019
44064,Sint-Martens-Latem,Sint-Martens-Latem,44000,Arrondissement de Gand,Arrondissement Gent,44,40000,Province de Flandre Orientale,Provincie Oost-Vlaanderen,2000,RÉGION FLAMANDE,VLAAMS GEWEST,2019
44073,Wachtebeke,Wachtebeke,44000,Arrondissement de Gand,Arrondissement Gent,44,40000,Province de Flandre Orientale,Provincie Oost-Vlaanderen,2000,RÉGION FLAMANDE,VLAAMS GEWEST,2019
44081,Zulte,Zulte,44000,Arrondissement de Gand,Arrondissement Gent,44,40000,Province de Flandre Orientale,Provincie Oost-Vlaanderen,2000,RÉGION FLAMANDE,VLAAMS GEWEST,2019
45035,Audenarde,Oudenaarde,45000,Arrondissement d'Audenarde,Arrondissement Oudenaarde,45,40000,Province de Flandre Orientale,Provincie Oost-Vlaanderen,2000,RÉGION FLAMANDE,VLAAMS GEWEST,2019
45059,Brakel,Brakel,45000,Arrondissement d'Audenarde,Arrondissement Oudenaarde,45,40000,Province de Flandre Orientale,Provincie Oost-Vlaanderen,2000,RÉGION FLAMANDE,VLAAMS GEWEST,2019
45062,Horebeke,Horebeke,45000,Arrondissement d'Audenarde,Arrondissement Oudenaarde,45,40000,Province de Flandre Orientale,Provincie Oost-Vlaanderen,2000,RÉGION FLAMANDE,VLAAMS GEWEST,2019
45060,Kluisbergen,Kluisbergen,45000,Arrondissement d'Audenarde,Arrondissement Oudenaarde,45,40000,Province de Flandre Orientale,Provincie Oost-Vlaanderen,2000,RÉGION FLAMANDE,VLAAMS GEWEST,2019
45068,Kruisem,Kruisem,45000,Arrondissement d'Audenarde,Arrondissement Oudenaarde,45,40000,Province de Flandre Orientale,Provincie Oost-Vlaanderen,2000,RÉGION FLAMANDE,VLAAMS GEWEST,2019
45063,Lierde,Lierde,45000,Arrondissement d'Audenarde,Arrondissement Oudenaarde,45,40000,Province de Flandre Orientale,Provincie Oost-Vlaanderen,2000,RÉGION FLAMANDE,VLAAMS GEWEST,2019
45064,Maarkedal,Maarkedal,45000,Arrondissement d'Audenarde,Arrondissement Oudenaarde,45,40000,Province de Flandre Orientale,Provincie Oost-Vlaanderen,2000,RÉGION FLAMANDE,VLAAMS GEWEST,2019
45041,Renaix,Ronse,45000,Arrondissement d'Audenarde,Arrondissement Oudenaarde,45,40000,Province de Flandre Orientale,Provincie Oost-Vlaanderen,2000,RÉGION FLAMANDE,VLAAMS GEWEST,2019
45061,Wortegem-Petegem,Wortegem-Petegem,45000,Arrondissement d'Audenarde,Arrondissement Oudenaarde,45,40000,Province de Flandre Orientale,Provincie Oost-Vlaanderen,2000,RÉGION FLAMANDE,VLAAMS GEWEST,2019
45065,Zwalm,Zwalm,45000,Arrondissement d'Audenarde,Arrondissement Oudenaarde,45,40000,Province de Flandre Orientale,Provincie Oost-Vlaanderen,2000,RÉGION FLAMANDE,VLAAMS GEWEST,2019
46003,Beveren,Beveren,46000,Arrondissement de Saint-Nicolas,Arrondissement Sint-Niklaas,46,40000,Province de Flandre Orientale,Provincie Oost-Vlaanderen,2000,RÉGION FLAMANDE,VLAAMS GEWEST,2019
46013,Kruibeke,Kruibeke,46000,Arrondissement de Saint-Nicolas,Arrondissement Sint-Niklaas,46,40000,Province de Flandre Orientale,Provincie Oost-Vlaanderen,2000,RÉGION FLAMANDE,VLAAMS GEWEST,2019
46014,Lokeren,Lokeren,46000,Arrondissement de Saint-Nicolas,Arrondissement Sint-Niklaas,46,40000,Province de Flandre Orientale,Provincie Oost-Vlaanderen,2000,RÉGION FLAMANDE,VLAAMS GEWEST,2019
46021,Saint-Nicolas,Sint-Niklaas,46000,Arrondissement de Saint-Nicolas,Arrondissement Sint-Niklaas,46,40000,Province de Flandre Orientale,Provincie Oost-Vlaanderen,2000,RÉGION FLAMANDE,VLAAMS GEWEST,2019
46020,Sint-Gillis-Waas,Sint-Gillis-Waas,46000,Arrondissement de Saint-Nicolas,Arrondissement Sint-Niklaas,46,40000,Province de Flandre Orientale,Provincie Oost-Vlaanderen,2000,RÉGION FLAMANDE,VLAAMS GEWEST,2019
46024,Stekene,Stekene,46000,Arrondissement de Saint-Nicolas,Arrondissement Sint-Niklaas,46,40000,Province de Flandre Orientale,Provincie Oost-Vlaanderen,2000,RÉGION FLAMANDE,VLAAMS GEWEST,2019
46025,Tamise,Temse,46000,Arrondissement de Saint-Nicolas,Arrondissement Sint-Niklaas,46,40000,Province de Flandre Orientale,Provincie Oost-Vlaanderen,2000,RÉGION FLAMANDE,VLAAMS GEWEST,2019
71002,As,As,71000,Arrondissement de Hasselt,Arrondissement Hasselt,71,70000,Province du Limbourg,Provincie Limburg,2000,RÉGION FLAMANDE,VLAAMS GEWEST,2019
71004,Beringen,Beringen,71000,Arrondissement de Hasselt,Arrondissement Hasselt,71,70000,Province du Limbourg,Provincie Limburg,2000,RÉGION FLAMANDE,VLAAMS GEWEST,2019
71034,Bourg-Léopold,Leopoldsburg,71000,Arrondissement de Hasselt,Arrondissement Hasselt,71,70000,Province du Limbourg,Provincie Limburg,2000,RÉGION FLAMANDE,VLAAMS GEWEST,2019
71011,Diepenbeek,Diepenbeek,71000,Arrondissement de Hasselt,Arrondissement Hasselt,71,70000,Province du Limbourg,Provincie Limburg,2000,RÉGION FLAMANDE,VLAAMS GEWEST,2019
71016,Genk,Genk,71000,Arrondissement de Hasselt,Arrondissement Hasselt,71,70000,Province du Limbourg,Provincie Limburg,2000,RÉGION FLAMANDE,VLAAMS GEWEST,2019
71017,Gingelom,Gingelom,71000,Arrondissement de Hasselt,Arrondissement Hasselt,71,70000,Province du Limbourg,Provincie Limburg,2000,RÉGION FLAMANDE,VLAAMS GEWEST,2019
71020,Halen,Halen,71000,Arrondissement de Hasselt,Arrondissement Hasselt,71,70000,Province du Limbourg,Provincie Limburg,2000,RÉGION FLAMANDE,VLAAMS GEWEST,2019
71069,Ham,Ham,71000,Arrondissement de Hasselt,Arrondissement Hasselt,71,70000,Province du Limbourg,Provincie Limburg,2000,RÉGION FLAMANDE,VLAAMS GEWEST,2019
71022,Hasselt,Hasselt,71000,Arrondissement de Hasselt,Arrondissement Hasselt,71,70000,Province du Limbourg,Provincie Limburg,2000,RÉGION FLAMANDE,VLAAMS GEWEST,2019
71024,Herck-la-Ville,Herk-de-Stad,71000,Arrondissement de Hasselt,Arrondissement Hasselt,71,70000,Province du Limbourg,Provincie Limburg,2000,RÉGION FLAMANDE,VLAAMS GEWEST,2019
71070,Heusden-Zolder,Heusden-Zolder,71000,Arrondissement de Hasselt,Arrondissement Hasselt,71,70000,Province du Limbourg,Provincie Limburg,2000,RÉGION FLAMANDE,VLAAMS GEWEST,2019
71037,Lummen,Lummen,71000,Arrondissement de Hasselt,Arrondissement Hasselt,71,70000,Province du Limbourg,Provincie Limburg,2000,RÉGION FLAMANDE,VLAAMS GEWEST,2019
71045,Nieuwerkerken,Nieuwerkerken,71000,Arrondissement de Hasselt,Arrondissement Hasselt,71,70000,Province du Limbourg,Provincie Limburg,2000,RÉGION FLAMANDE,VLAAMS GEWEST,2019
71053,Saint-Trond,Sint-Truiden,71000,Arrondissement de Hasselt,Arrondissement Hasselt,71,70000,Province du Limbourg,Provincie Limburg,2000,RÉGION FLAMANDE,VLAAMS GEWEST,2019
71057,Tessenderlo,Tessenderlo,71000,Arrondissement de Hasselt,Arrondissement Hasselt,71,70000,Province du Limbourg,Provincie Limburg,2000,RÉGION FLAMANDE,VLAAMS GEWEST,2019
71066,Zonhoven,Zonhoven,71000,Arrondissement de Hasselt,Arrondissement Hasselt,71,70000,Province du Limbourg,Provincie Limburg,2000,RÉGION FLAMANDE,VLAAMS GEWEST,2019
71067,Zutendaal,Zutendaal,71000,Arrondissement de Hasselt,Arrondissement Hasselt,71,70000,Province du Limbourg,Provincie Limburg,2000,RÉGION FLAMANDE,VLAAMS GEWEST,2019
72003,Bocholt,Bocholt,72000,Arrondissement de Maaseik,Arrondissement Maaseik,72,70000,Province du Limbourg,Provincie Limburg,2000,RÉGION FLAMANDE,VLAAMS GEWEST,2019
72004,Bree,Bree,72000,Arrondissement de Maaseik,Arrondissement Maaseik,72,70000,Province du Limbourg,Provincie Limburg,2000,RÉGION FLAMANDE,VLAAMS GEWEST,2019
72041,Dilsen-Stokkem,Dilsen-Stokkem,72000,Arrondissement de Maaseik,Arrondissement Maaseik,72,70000,Province du Limbourg,Provincie Limburg,2000,RÉGION FLAMANDE,VLAAMS GEWEST,2019
72037,Hamont-Achel,Hamont-Achel,72000,Arrondissement de Maaseik,Arrondissement Maaseik,72,70000,Province du Limbourg,Provincie Limburg,2000,RÉGION FLAMANDE,VLAAMS GEWEST,2019
72038,Hechtel-Eksel,Hechtel-Eksel,72000,Arrondissement de Maaseik,Arrondissement Maaseik,72,70000,Province du Limbourg,Provincie Limburg,2000,RÉGION FLAMANDE,VLAAMS GEWEST,2019
72039,Houthalen-Helchteren,Houthalen-Helchteren,72000,Arrondissement de Maaseik,Arrondissement Maaseik,72,70000,Province du Limbourg,Provincie Limburg,2000,RÉGION FLAMANDE,VLAAMS GEWEST,2019
72018,Kinrooi,Kinrooi,72000,Arrondissement de Maaseik,Arrondissement Maaseik,72,70000,Province du Limbourg,Provincie Limburg,2000,RÉGION FLAMANDE,VLAAMS GEWEST,2019
72020,Lommel,Lommel,72000,Arrondissement de Maaseik,Arrondissement Maaseik,72,70000,Province du Limbourg,Provincie Limburg,2000,RÉGION FLAMANDE,VLAAMS GEWEST,2019
72021,Maaseik,Maaseik,72000,Arrondissement de Maaseik,Arrondissement Maaseik,72,70000,Province du Limbourg,Provincie Limburg,2000,RÉGION FLAMANDE,VLAAMS GEWEST,2019
72042,Oudsbergen,Oudsbergen,72000,Arrondissement de Maaseik,Arrondissement Maaseik,72,70000,Province du Limbourg,Provincie Limburg,2000,RÉGION FLAMANDE,VLAAMS GEWEST,2019
72030,Peer,Peer,72000,Arrondissement de Maaseik,Arrondissement Maaseik,72,70000,Province du Limbourg,Provincie Limburg,2000,RÉGION FLAMANDE,VLAAMS GEWEST,2019
72043,Pelt,Pelt,72000,Arrondissement de Maaseik,Arrondissement Maaseik,72,70000,Province du Limbourg,Provincie Limburg,2000,RÉGION FLAMANDE,VLAAMS GEWEST,2019
73001,Alken,Alken,73000,Arrondissement de Tongres,Arrondissement Tongeren,73,70000,Province du Limbourg,Provincie Limburg,2000,RÉGION FLAMANDE,VLAAMS GEWEST,2019
73006,Bilzen,Bilzen,73000,Arrondissement de Tongres,Arrondissement Tongeren,73,70000,Province du Limbourg,Provincie Limburg,2000,RÉGION FLAMANDE,VLAAMS GEWEST,2019
73109,Fourons,Voeren,73000,Arrondissement de Tongres,Arrondissement Tongeren,73,70000,Province du Limbourg,Provincie Limburg,2000,RÉGION FLAMANDE,VLAAMS GEWEST,2019
73022,Heers,Heers,73000,Arrondissement de Tongres,Arrondissement Tongeren,73,70000,Province du Limbourg,Provincie Limburg,2000,RÉGION FLAMANDE,VLAAMS GEWEST,2019
73028,Herstappe,Herstappe,73000,Arrondissement de Tongres,Arrondissement Tongeren,73,70000,Province du Limbourg,Provincie Limburg,2000,RÉGION FLAMANDE,VLAAMS GEWEST,2019
73032,Hoeselt,Hoeselt,73000,Arrondissement de Tongres,Arrondissement Tongeren,73,70000,Province du Limbourg,Provincie Limburg,2000,RÉGION FLAMANDE,VLAAMS GEWEST,2019
73040,Kortessem,Kortessem,73000,Arrondissement de Tongres,Arrondissement Tongeren,73,70000,Province du Limbourg,Provincie Limburg,2000,RÉGION FLAMANDE,VLAAMS GEWEST,2019
73042,Lanaken,Lanaken,73000,Arrondissement de Tongres,Arrondissement Tongeren,73,70000,Province du Limbourg,Provincie Limburg,2000,RÉGION FLAMANDE,VLAAMS GEWEST,2019
73009,Looz,Borgloon,73000,Arrondissement de Tongres,Arrondissement Tongeren,73,70000,Province du Limbourg,Provincie Limburg,2000,RÉGION FLAMANDE,VLAAMS GEWEST,2019
73107,Maasmechelen,Maasmechelen,73000,Arrondissement de Tongres,Arrondissement Tongeren,73,70000,Province du Limbourg,Provincie Limburg,2000,RÉGION FLAMANDE,VLAAMS GEWEST,2019
73066,Riemst,Riemst,73000,Arrondissement de Tongres,Arrondissement Tongeren,73,70000,Province du Limbourg,Provincie Limburg,2000,RÉGION FLAMANDE,VLAAMS GEWEST,2019
73083,Tongres,Tongeren,73000,Arrondissement de Tongres,Arrondissement Tongeren,73,70000,Province du Limbourg,Provincie Limburg,2000,RÉGION FLAMANDE,VLAAMS GEWEST,2019
73098,Wellen,Wellen,73000,Arrondissement de Tongres,Arrondissement Tongeren,73,70000,Province du Limbourg,Provincie Limburg,2000,RÉGION FLAMANDE,VLAAMS GEWEST,2019
51004,Ath,Aat,51000,Arrondissement d'Ath,Arrondissement Aat,51,50000,Province du Hainaut,Provincie Henegouwen,3000,RÉGION WALLONNE,WAALS GEWEST,2019
51008,Beloeil,Beloeil,51000,Arrondissement d'Ath,Arrondissement Aat,51,50000,Province du Hainaut,Provincie Henegouwen,3000,RÉGION WALLONNE,WAALS GEWEST,2019
51009,Bernissart,Bernissart,51000,Arrondissement d'Ath,Arrondissement Aat,51,50000,Province du Hainaut,Provincie Henegouwen,3000,RÉGION WALLONNE,WAALS GEWEST,2019
51012,Brugelette,Brugelette,51000,Arrondissement d'Ath,Arrondissement Aat,51,50000,Province du Hainaut,Provincie Henegouwen,3000,RÉGION WALLONNE,WAALS GEWEST,2019
51014,Chièvres,Chièvres,51000,Arrondissement d'Ath,Arrondissement Aat,51,50000,Province du Hainaut,Provincie Henegouwen,3000,RÉGION WALLONNE,WAALS GEWEST,2019
51017,Ellezelles,Elzele,51000,Arrondissement d'Ath,Arrondissement Aat,51,50000,Province du Hainaut,Provincie Henegouwen,3000,RÉGION WALLONNE,WAALS GEWEST,2019
51067,Enghien,Edingen,51000,Arrondissement d'Ath,Arrondissement Aat,51,50000,Province du Hainaut,Provincie Henegouwen,3000,RÉGION WALLONNE,WAALS GEWEST,2019
51019,Flobecq,Vloesberg,51000,Arrondissement d'Ath,Arrondissement Aat,51,50000,Province du Hainaut,Provincie Henegouwen,3000,RÉGION WALLONNE,WAALS GEWEST,2019
51065,Frasnes-lez-Anvaing,Frasnes-lez-Anvaing,51000,Arrondissement d'Ath,Arrondissement Aat,51,50000,Province du Hainaut,Provincie Henegouwen,3000,RÉGION WALLONNE,WAALS GEWEST,2019
51069,Lessines,Lessen,51000,Arrondissement d'Ath,Arrondissement Aat,51,50000,Province du Hainaut,Provincie Henegouwen,3000,RÉGION WALLONNE,WAALS GEWEST,2019
51068,Silly,Opzullik,51000,Arrondissement d'Ath,Arrondissement Aat,51,50000,Province du Hainaut,Provincie Henegouwen,3000,RÉGION WALLONNE,WAALS GEWEST,2019
52074,Aiseau-Presles,Aiseau-Presles,52000,Arrondissement de Charleroi,Arrondissement Charleroi,52,50000,Province du Hainaut,Provincie Henegouwen,3000,RÉGION WALLONNE,WAALS GEWEST,2019
52010,Chapelle-lez-Herlaimont,Chapelle-lez-Herlaimont,52000,Arrondissement de Charleroi,Arrondissement Charleroi,52,50000,Province du Hainaut,Provincie Henegouwen,3000,RÉGION WALLONNE,WAALS GEWEST,2019
52011,Charleroi,Charleroi,52000,Arrondissement de Charleroi,Arrondissement Charleroi,52,50000,Province du Hainaut,Provincie Henegouwen,3000,RÉGION WALLONNE,WAALS GEWEST,2019
52012,Châtelet,Châtelet,52000,Arrondissement de Charleroi,Arrondissement Charleroi,52,50000,Province du Hainaut,Provincie Henegouwen,3000,RÉGION WALLONNE,WAALS GEWEST,2019
52015,Courcelles,Courcelles,52000,Arrondissement de Charleroi,Arrondissement Charleroi,52,50000,Province du Hainaut,Provincie Henegouwen,3000,RÉGION WALLONNE,WAALS GEWEST,2019
52018,Farciennes,Farciennes,52000,Arrondissement de Charleroi,Arrondissement Charleroi,52,50000,Province du Hainaut,Provincie Henegouwen,3000,RÉGION WALLONNE,WAALS GEWEST,2019
52021,Fleurus,Fleurus,52000,Arrondissement de Charleroi,Arrondissement Charleroi,52,50000,Province du Hainaut,Provincie Henegouwen,3000,RÉGION WALLONNE,WAALS GEWEST,2019
52022,Fontaine-l'Evêque,Fontaine-l'Evêque,52000,Arrondissement de Charleroi,Arrondissement Charleroi,52,50000,Province du Hainaut,Provincie Henegouwen,3000,RÉGION WALLONNE,WAALS GEWEST,2019
52025,Gerpinnes,Gerpinnes,52000,Arrondissement de Charleroi,Arrondissement Charleroi,52,50000,Province du Hainaut,Provincie Henegouwen,3000,RÉGION WALLONNE,WAALS GEWEST,2019
52075,Les Bons Villers,Les Bons Villers,52000,Arrondissement de Charleroi,Arrondissement Charleroi,52,50000,Province du Hainaut,Provincie Henegouwen,3000,RÉGION WALLONNE,WAALS GEWEST,2019
52048,Montigny-le-Tilleul,Montigny-le-Tilleul,52000,Arrondissement de Charleroi,Arrondissement Charleroi,52,50000,Province du Hainaut,Provincie Henegouwen,3000,RÉGION WALLONNE,WAALS GEWEST,2019
52055,Pont-à-Celles,Pont-à-Celles,52000,Arrondissement de Charleroi,Arrondissement Charleroi,52,50000,Province du Hainaut,Provincie Henegouwen,3000,RÉGION WALLONNE,WAALS GEWEST,2019
53014,Boussu,Boussu,53000,Arrondissement de Mons,Arrondissement Bergen,53,50000,Province du Hainaut,Provincie Henegouwen,3000,RÉGION WALLONNE,WAALS GEWEST,2019
53082,Colfontaine,Colfontaine,53000,Arrondissement de Mons,Arrondissement Bergen,53,50000,Province du Hainaut,Provincie Henegouwen,3000,RÉGION WALLONNE,WAALS GEWEST,2019
53020,Dour,Dour,53000,Arrondissement de Mons,Arrondissement Bergen,53,50000,Province du Hainaut,Provincie Henegouwen,3000,RÉGION WALLONNE,WAALS GEWEST,2019
53028,Frameries,Frameries,53000,Arrondissement de Mons,Arrondissement Bergen,53,50000,Province du Hainaut,Provincie Henegouwen,3000,RÉGION WALLONNE,WAALS GEWEST,2019
53039,Hensies,Hensies,53000,Arrondissement de Mons,Arrondissement Bergen,53,50000,Province du Hainaut,Provincie Henegouwen,3000,RÉGION WALLONNE,WAALS GEWEST,2019
53083,Honnelles,Honnelles,53000,Arrondissement de Mons,Arrondissement Bergen,53,50000,Province du Hainaut,Provincie Henegouwen,3000,RÉGION WALLONNE,WAALS GEWEST,2019
53044,Jurbise,Jurbeke,53000,Arrondissement de Mons,Arrondissement Bergen,53,50000,Province du Hainaut,Provincie Henegouwen,3000,RÉGION WALLONNE,WAALS GEWEST,2019
53046,Lens,Lens,53000,Arrondissement de Mons,Arrondissement Bergen,53,50000,Province du Hainaut,Provincie Henegouwen,3000,RÉGION WALLONNE,WAALS GEWEST,2019
53053,Mons,Bergen,53000,Arrondissement de Mons,Arrondissement Bergen,53,50000,Province du Hainaut,Provincie Henegouwen,3000,RÉGION WALLONNE,WAALS GEWEST,2019
53065,Quaregnon,Quaregnon,53000,Arrondissement de Mons,Arrondissement Bergen,53,50000,Province du Hainaut,Provincie Henegouwen,3000,RÉGION WALLONNE,WAALS GEWEST,2019
53084,Quévy,Quévy,53000,Arrondissement de Mons,Arrondissement Bergen,53,50000,Province du Hainaut,Provincie Henegouwen,3000,RÉGION WALLONNE,WAALS GEWEST,2019
53068,Quiévrain,Quiévrain,53000,Arrondissement de Mons,Arrondissement Bergen,53,50000,Province du Hainaut,Provincie Henegouwen,3000,RÉGION WALLONNE,WAALS GEWEST,2019
53070,Saint-Ghislain,Saint-Ghislain,53000,Arrondissement de Mons,Arrondissement Bergen,53,50000,Province du Hainaut,Provincie Henegouwen,3000,RÉGION WALLONNE,WAALS GEWEST,2019
55004,Braine-le-Comte,'s Gravenbrakel,55000,Arrondissement de Soignies,Arrondissement Zinnik,55,50000,Province du Hainaut,Provincie Henegouwen,3000,RÉGION WALLONNE,WAALS GEWEST,2019
55050,Ecaussinnes,Ecaussinnes,55000,Arrondissement de Soignies,Arrondissement Zinnik,55,50000,Province du Hainaut,Provincie Henegouwen,3000,RÉGION WALLONNE,WAALS GEWEST,2019
55035,Le Roeulx,Le Roeulx,55000,Arrondissement de Soignies,Arrondissement Zinnik,55,50000,Province du Hainaut,Provincie Henegouwen,3000,RÉGION WALLONNE,WAALS GEWEST,2019
55086,Manage,Manage,55000,Arrondissement de Soignies,Arrondissement Zinnik,55,50000,Province du Hainaut,Provincie Henegouwen,3000,RÉGION WALLONNE,WAALS GEWEST,2019
55085,Seneffe,Seneffe,55000,Arrondissement de Soignies,Arrondissement Zinnik,55,50000,Province du Hainaut,Provincie Henegouwen,3000,RÉGION WALLONNE,WAALS GEWEST,2019
55040,Soignies,Zinnik,55000,Arrondissement de Soignies,Arrondissement Zinnik,55,50000,Province du Hainaut,Provincie Henegouwen,3000,RÉGION WALLONNE,WAALS GEWEST,2019
56001,Anderlues,Anderlues,56000,Arrondissement de Thuin,Arrondissement Thuin,56,50000,Province du Hainaut,Provincie Henegouwen,3000,RÉGION WALLONNE,WAALS GEWEST,2019
56005,Beaumont,Beaumont,56000,Arrondissement de Thuin,Arrondissement Thuin,56,50000,Province du Hainaut,Provincie Henegouwen,3000,RÉGION WALLONNE,WAALS GEWEST,2019
56016,Chimay,Chimay,56000,Arrondissement de Thuin,Arrondissement Thuin,56,50000,Province du Hainaut,Provincie Henegouwen,3000,RÉGION WALLONNE,WAALS GEWEST,2019
56022,Erquelinnes,Erquelinnes,56000,Arrondissement de Thuin,Arrondissement Thuin,56,50000,Province du Hainaut,Provincie Henegouwen,3000,RÉGION WALLONNE,WAALS GEWEST,2019
56029,Froidchapelle,Froidchapelle,56000,Arrondissement de Thuin,Arrondissement Thuin,56,50000,Province du Hainaut,Provincie Henegouwen,3000,RÉGION WALLONNE,WAALS GEWEST,2019
56086,Ham-sur-Heure-Nalinnes,Ham-sur-Heure-Nalinnes,56000,Arrondissement de Thuin,Arrondissement Thuin,56,50000,Province du Hainaut,Provincie Henegouwen,3000,RÉGION WALLONNE,WAALS GEWEST,2019
56044,Lobbes,Lobbes,56000,Arrondissement de Thuin,Arrondissement Thuin,56,50000,Province du Hainaut,Provincie Henegouwen,3000,RÉGION WALLONNE,WAALS GEWEST,2019
56049,Merbes-le-Château,Merbes-le-Château,56000,Arrondissement de Thuin,Arrondissement Thuin,56,50000,Province du Hainaut,Provincie Henegouwen,3000,RÉGION WALLONNE,WAALS GEWEST,2019
56051,Momignies,Momignies,56000,Arrondissement de Thuin,Arrondissement Thuin,56,50000,Province du Hainaut,Provincie Henegouwen,3000,RÉGION WALLONNE,WAALS GEWEST,2019
56088,Sivry-Rance,Sivry-Rance,56000,Arrondissement de Thuin,Arrondissement Thuin,56,50000,Province du Hainaut,Provincie Henegouwen,3000,RÉGION WALLONNE,WAALS GEWEST,2019
56078,Thuin,Thuin,56000,Arrondissement de Thuin,Arrondissement Thuin,56,50000,Province du Hainaut,Provincie Henegouwen,3000,RÉGION WALLONNE,WAALS GEWEST,2019
57003,Antoing,Antoing,57000,Arrondissement de Tournai-Mouscron,Arrondissement Doornik-Moeskroen,57,50000,Province du Hainaut,Provincie Henegouwen,3000,RÉGION WALLONNE,WAALS GEWEST,2019
57093,Brunehaut,Brunehaut,57000,Arrondissement de Tournai-Mouscron,Arrondissement Doornik-Moeskroen,57,50000,Province du Hainaut,Provincie Henegouwen,3000,RÉGION WALLONNE,WAALS GEWEST,2019
57018,Celles,Celles,57000,Arrondissement de Tournai-Mouscron,Arrondissement Doornik-Moeskroen,57,50000,Province du Hainaut,Provincie Henegouwen,3000,RÉGION WALLONNE,WAALS GEWEST,2019
57097,Comines-Warneton,Komen-Waasten,57000,Arrondissement de Tournai-Mouscron,Arrondissement Doornik-Moeskroen,57,50000,Province du Hainaut,Provincie Henegouwen,3000,RÉGION WALLONNE,WAALS GEWEST,2019
57027,Estaimpuis,Estaimpuis,57000,Arrondissement de Tournai-Mouscron,Arrondissement Doornik-Moeskroen,57,50000,Province du Hainaut,Provincie Henegouwen,3000,RÉGION WALLONNE,WAALS GEWEST,2019
57094,Leuze-en-Hainaut,Leuze-en-Hainaut,57000,Arrondissement de Tournai-Mouscron,Arrondissement Doornik-Moeskroen,57,50000,Province du Hainaut,Provincie Henegouwen,3000,RÉGION WALLONNE,WAALS GEWEST,2019
57095,Mont-de-l'Enclus,Mont-de-l'Enclus,57000,Arrondissement de Tournai-Mouscron,Arrondissement Doornik-Moeskroen,57,50000,Province du Hainaut,Provincie Henegouwen,3000,RÉGION WALLONNE,WAALS GEWEST,2019
57096,Mouscron,Moeskroen,57000,Arrondissement de Tournai-Mouscron,Arrondissement Doornik-Moeskroen,57,50000,Province du Hainaut,Provincie Henegouwen,3000,RÉGION WALLONNE,WAALS GEWEST,2019
57062,Pecq,Pecq,57000,Arrondissement de Tournai-Mouscron,Arrondissement Doornik-Moeskroen,57,50000,Province du Hainaut,Provincie Henegouwen,3000,RÉGION WALLONNE,WAALS GEWEST,2019
57064,Péruwelz,Péruwelz,57000,Arrondissement de Tournai-Mouscron,Arrondissement Doornik-Moeskroen,57,50000,Province du Hainaut,Provincie Henegouwen,3000,RÉGION WALLONNE,WAALS GEWEST,2019
57072,Rumes,Rumes,57000,Arrondissement de Tournai-Mouscron,Arrondissement Doornik-Moeskroen,57,50000,Province du Hainaut,Provincie Henegouwen,3000,RÉGION WALLONNE,WAALS GEWEST,2019
57081,Tournai,Doornik,57000,Arrondissement de Tournai-Mouscron,Arrondissement Doornik-Moeskroen,57,50000,Province du Hainaut,Provincie Henegouwen,3000,RÉGION WALLONNE,WAALS GEWEST,2019
58001,La Louvière,La Louvière,58000,Arrondissement de La Louvière,Arrondissement La Louvière,58,50000,Province du Hainaut,Provincie Henegouwen,3000,RÉGION WALLONNE,WAALS GEWEST,2019
58002,Binche,Binche,58000,Arrondissement de La Louvière,Arrondissement La Louvière,58,50000,Province du Hainaut,Provincie Henegouwen,3000,RÉGION WALLONNE,WAALS GEWEST,2019
58003,Estinnes,Estinnes,58000,Arrondissement de La Louvière,Arrondissement La Louvière,58,50000,Province du Hainaut,Provincie Henegouwen,3000,RÉGION WALLONNE,WAALS GEWEST,2019
58004,Morlanwelz,Morlanwelz,58000,Arrondissement de La Louvière,Arrondissement La Louvière,58,50000,Province du Hainaut,Provincie Henegouwen,3000,RÉGION WALLONNE,WAALS GEWEST,2019
61003,Amay,Amay,61000,Arrondissement de Huy,Arrondissement Hoei,61,60000,Province de Liège,Provincie Luik,3000,RÉGION WALLONNE,WAALS GEWEST,2019
61079,Anthisnes,Anthisnes,61000,Arrondissement de Huy,Arrondissement Hoei,61,60000,Province de Liège,Provincie Luik,3000,RÉGION WALLONNE,WAALS GEWEST,2019
61010,Burdinne,Burdinne,61000,Arrondissement de Huy,Arrondissement Hoei,61,60000,Province de Liège,Provincie Luik,3000,RÉGION WALLONNE,WAALS GEWEST,2019
61012,Clavier,Clavier,61000,Arrondissement de Huy,Arrondissement Hoei,61,60000,Province de Liège,Provincie Luik,3000,RÉGION WALLONNE,WAALS GEWEST,2019
61080,Engis,Engis,61000,Arrondissement de Huy,Arrondissement Hoei,61,60000,Province de Liège,Provincie Luik,3000,RÉGION WALLONNE,WAALS GEWEST,2019
61019,Ferrières,Ferrières,61000,Arrondissement de Huy,Arrondissement Hoei,61,60000,Province de Liège,Provincie Luik,3000,RÉGION WALLONNE,WAALS GEWEST,2019
61024,Hamoir,Hamoir,61000,Arrondissement de Huy,Arrondissement Hoei,61,60000,Province de Liège,Provincie Luik,3000,RÉGION WALLONNE,WAALS GEWEST,2019
61028,Héron,Héron,61000,Arrondissement de Huy,Arrondissement Hoei,61,60000,Province de Liège,Provincie Luik,3000,RÉGION WALLONNE,WAALS GEWEST,2019
61031,Huy,Hoei,61000,Arrondissement de Huy,Arrondissement Hoei,61,60000,Province de Liège,Provincie Luik,3000,RÉGION WALLONNE,WAALS GEWEST,2019
61039,Marchin,Marchin,61000,Arrondissement de Huy,Arrondissement Hoei,61,60000,Province de Liège,Provincie Luik,3000,RÉGION WALLONNE,WAALS GEWEST,2019
61041,Modave,Modave,61000,Arrondissement de Huy,Arrondissement Hoei,61,60000,Province de Liège,Provincie Luik,3000,RÉGION WALLONNE,WAALS GEWEST,2019
61043,Nandrin,Nandrin,61000,Arrondissement de Huy,Arrondissement Hoei,61,60000,Province de Liège,Provincie Luik,3000,RÉGION WALLONNE,WAALS GEWEST,2019
61048,Ouffet,Ouffet,61000,Arrondissement de Huy,Arrondissement Hoei,61,60000,Province de Liège,Provincie Luik,3000,RÉGION WALLONNE,WAALS GEWEST,2019
61081,Tinlot,Tinlot,61000,Arrondissement de Huy,Arrondissement Hoei,61,60000,Province de Liège,Provincie Luik,3000,RÉGION WALLONNE,WAALS GEWEST,2019
61063,Verlaine,Verlaine,61000,Arrondissement de Huy,Arrondissement Hoei,61,60000,Province de Liège,Provincie Luik,3000,RÉGION WALLONNE,WAALS GEWEST,2019
61068,Villers-le-Bouillet,Villers-le-Bouillet,61000,Arrondissement de Huy,Arrondissement Hoei,61,60000,Province de Liège,Provincie Luik,3000,RÉGION WALLONNE,WAALS GEWEST,2019
61072,Wanze,Wanze,61000,Arrondissement de Huy,Arrondissement Hoei,61,60000,Province de Liège,Provincie Luik,3000,RÉGION WALLONNE,WAALS GEWEST,2019
62003,Ans,Ans,62000,Arrondissement de Liège,Arrondissement Luik,62,60000,Province de Liège,Provincie Luik,3000,RÉGION WALLONNE,WAALS GEWEST,2019
62006,Awans,Awans,62000,Arrondissement de Liège,Arrondissement Luik,62,60000,Province de Liège,Provincie Luik,3000,RÉGION WALLONNE,WAALS GEWEST,2019
62009,Aywaille,Aywaille,62000,Arrondissement de Liège,Arrondissement Luik,62,60000,Province de Liège,Provincie Luik,3000,RÉGION WALLONNE,WAALS GEWEST,2019
62011,Bassenge,Bitsingen,62000,Arrondissement de Liège,Arrondissement Luik,62,60000,Province de Liège,Provincie Luik,3000,RÉGION WALLONNE,WAALS GEWEST,2019
62015,Beyne-Heusay,Beyne-Heusay,62000,Arrondissement de Liège,Arrondissement Luik,62,60000,Province de Liège,Provincie Luik,3000,RÉGION WALLONNE,WAALS GEWEST,2019
62119,Blégny,Blégny,62000,Arrondissement de Liège,Arrondissement Luik,62,60000,Province de Liège,Provincie Luik,3000,RÉGION WALLONNE,WAALS GEWEST,2019
62022,Chaudfontaine,Chaudfontaine,62000,Arrondissement de Liège,Arrondissement Luik,62,60000,Province de Liège,Provincie Luik,3000,RÉGION WALLONNE,WAALS GEWEST,2019
62026,Comblain-au-Pont,Comblain-au-Pont,62000,Arrondissement de Liège,Arrondissement Luik,62,60000,Province de Liège,Provincie Luik,3000,RÉGION WALLONNE,WAALS GEWEST,2019
62027,Dalhem,Dalhem,62000,Arrondissement de Liège,Arrondissement Luik,62,60000,Province de Liège,Provincie Luik,3000,RÉGION WALLONNE,WAALS GEWEST,2019
62032,Esneux,Esneux,62000,Arrondissement de Liège,Arrondissement Luik,62,60000,Province de Liège,Provincie Luik,3000,RÉGION WALLONNE,WAALS GEWEST,2019
62120,Flémalle,Flémalle,62000,Arrondissement de Liège,Arrondissement Luik,62,60000,Province de Liège,Provincie Luik,3000,RÉGION WALLONNE,WAALS GEWEST,2019
62038,Fléron,Fléron,62000,Arrondissement de Liège,Arrondissement Luik,62,60000,Province de Liège,Provincie Luik,3000,RÉGION WALLONNE,WAALS GEWEST,2019
62118,Grâce-Hollogne,Grâce-Hollogne,62000,Arrondissement de Liège,Arrondissement Luik,62,60000,Province de Liège,Provincie Luik,3000,RÉGION WALLONNE,WAALS GEWEST,2019
62051,Herstal,Herstal,62000,Arrondissement de Liège,Arrondissement Luik,62,60000,Province de Liège,Provincie Luik,3000,RÉGION WALLONNE,WAALS GEWEST,2019
62060,Juprelle,Juprelle,62000,Arrondissement de Liège,Arrondissement Luik,62,60000,Province de Liège,Provincie Luik,3000,RÉGION WALLONNE,WAALS GEWEST,2019
62063,Liège,Luik,62000,Arrondissement de Liège,Arrondissement Luik,62,60000,Province de Liège,Provincie Luik,3000,RÉGION WALLONNE,WAALS GEWEST,2019
62121,Neupré,Neupré,62000,Arrondissement de Liège,Arrondissement Luik,62,60000,Province de Liège,Provincie Luik,3000,RÉGION WALLONNE,WAALS GEWEST,2019
62079,Oupeye,Oupeye,62000,Arrondissement de Liège,Arrondissement Luik,62,60000,Province de Liège,Provincie Luik,3000,RÉGION WALLONNE,WAALS GEWEST,2019
62093,Saint-Nicolas,Saint-Nicolas,62000,Arrondissement de Liège,Arrondissement Luik,62,60000,Province de Liège,Provincie Luik,3000,RÉGION WALLONNE,WAALS GEWEST,2019
62096,Seraing,Seraing,62000,Arrondissement de Liège,Arrondissement Luik,62,60000,Province de Liège,Provincie Luik,3000,RÉGION WALLONNE,WAALS GEWEST,2019
62099,Soumagne,Soumagne,62000,Arrondissement de Liège,Arrondissement Luik,62,60000,Province de Liège,Provincie Luik,3000,RÉGION WALLONNE,WAALS GEWEST,2019
62100,Sprimont,Sprimont,62000,Arrondissement de Liège,Arrondissement Luik,62,60000,Province de Liège,Provincie Luik,3000,RÉGION WALLONNE,WAALS GEWEST,2019
62122,Trooz,Trooz,62000,Arrondissement de Liège,Arrondissement Luik,62,60000,Province de Liège,Provincie Luik,3000,RÉGION WALLONNE,WAALS GEWEST,2019
62108,Visé,Wezet,62000,Arrondissement de Liège,Arrondissement Luik,62,60000,Province de Liège,Provincie Luik,3000,RÉGION WALLONNE,WAALS GEWEST,2019
63001,Amblève,Amel,63000,Arrondissement de Verviers,Arrondissement Verviers,63,60000,Province de Liège,Provincie Luik,3000,RÉGION WALLONNE,WAALS GEWEST,2019
63003,Aubel,Aubel,63000,Arrondissement de Verviers,Arrondissement Verviers,63,60000,Province de Liège,Provincie Luik,3000,RÉGION WALLONNE,WAALS GEWEST,2019
63004,Baelen,Baelen,63000,Arrondissement de Verviers,Arrondissement Verviers,63,60000,Province de Liège,Provincie Luik,3000,RÉGION WALLONNE,WAALS GEWEST,2019
63012,Bullange,Büllingen,63000,Arrondissement de Verviers,Arrondissement Verviers,63,60000,Province de Liège,Provincie Luik,3000,RÉGION WALLONNE,WAALS GEWEST,2019
63087,Burg-Reuland,Burg-Reuland,63000,Arrondissement de Verviers,Arrondissement Verviers,63,60000,Province de Liège,Provincie Luik,3000,RÉGION WALLONNE,WAALS GEWEST,2019
63013,Butgenbach,Bütgenbach,63000,Arrondissement de Verviers,Arrondissement Verviers,63,60000,Province de Liège,Provincie Luik,3000,RÉGION WALLONNE,WAALS GEWEST,2019
63020,Dison,Dison,63000,Arrondissement de Verviers,Arrondissement Verviers,63,60000,Province de Liège,Provincie Luik,3000,RÉGION WALLONNE,WAALS GEWEST,2019
63023,Eupen,Eupen,63000,Arrondissement de Verviers,Arrondissement Verviers,63,60000,Province de Liège,Provincie Luik,3000,RÉGION WALLONNE,WAALS GEWEST,2019
63035,Herve,Herve,63000,Arrondissement de Verviers,Arrondissement Verviers,63,60000,Province de Liège,Provincie Luik,3000,RÉGION WALLONNE,WAALS GEWEST,2019
63038,Jalhay,Jalhay,63000,Arrondissement de Verviers,Arrondissement Verviers,63,60000,Province de Liège,Provincie Luik,3000,RÉGION WALLONNE,WAALS GEWEST,2019
63040,La Calamine,Kelmis,63000,Arrondissement de Verviers,Arrondissement Verviers,63,60000,Province de Liège,Provincie Luik,3000,RÉGION WALLONNE,WAALS GEWEST,2019
63045,Lierneux,Lierneux,63000,Arrondissement de Verviers,Arrondissement Verviers,63,60000,Province de Liège,Provincie Luik,3000,RÉGION WALLONNE,WAALS GEWEST,2019
63046,Limbourg,Limburg,63000,Arrondissement de Verviers,Arrondissement Verviers,63,60000,Province de Liège,Provincie Luik,3000,RÉGION WALLONNE,WAALS GEWEST,2019
63048,Lontzen,Lontzen,63000,Arrondissement de Verviers,Arrondissement Verviers,63,60000,Province de Liège,Provincie Luik,3000,RÉGION WALLONNE,WAALS GEWEST,2019
63049,Malmedy,Malmedy,63000,Arrondissement de Verviers,Arrondissement Verviers,63,60000,Province de Liège,Provincie Luik,3000,RÉGION WALLONNE,WAALS GEWEST,2019
63057,Olne,Olne,63000,Arrondissement de Verviers,Arrondissement Verviers,63,60000,Province de Liège,Provincie Luik,3000,RÉGION WALLONNE,WAALS GEWEST,2019
63058,Pepinster,Pepinster,63000,Arrondissement de Verviers,Arrondissement Verviers,63,60000,Province de Liège,Provincie Luik,3000,RÉGION WALLONNE,WAALS GEWEST,2019
63088,Plombières,Plombières,63000,Arrondissement de Verviers,Arrondissement Verviers,63,60000,Province de Liège,Provincie Luik,3000,RÉGION WALLONNE,WAALS GEWEST,2019
63061,Raeren,Raeren,63000,Arrondissement de Verviers,Arrondissement Verviers,63,60000,Province de Liège,Provincie Luik,3000,RÉGION WALLONNE,WAALS GEWEST,2019
63067,Saint-Vith,Sankt Vith,63000,Arrondissement de Verviers,Arrondissement Verviers,63,60000,Province de Liège,Provincie Luik,3000,RÉGION WALLONNE,WAALS GEWEST,2019
63072,Spa,Spa,63000,Arrondissement de Verviers,Arrondissement Verviers,63,60000,Province de Liège,Provincie Luik,3000,RÉGION WALLONNE,WAALS GEWEST,2019
63073,Stavelot,Stavelot,63000,Arrondissement de Verviers,Arrondissement Verviers,63,60000,Province de Liège,Provincie Luik,3000,RÉGION WALLONNE,WAALS GEWEST,2019
63075,Stoumont,Stoumont,63000,Arrondissement de Verviers,Arrondissement Verviers,63,60000,Province de Liège,Provincie Luik,3000,RÉGION WALLONNE,WAALS GEWEST,2019
63076,Theux,Theux,63000,Arrondissement de Verviers,Arrondissement Verviers,63,60000,Province de Liège,Provincie Luik,3000,RÉGION WALLONNE,WAALS GEWEST,2019
63089,Thimister-Clermont,Thimister-Clermont,63000,Arrondissement de Verviers,Arrondissement Verviers,63,60000,Province de Liège,Provincie Luik,3000,RÉGION WALLONNE,WAALS GEWEST,2019
63086,Trois-Ponts,Trois-Ponts,63000,Arrondissement de Verviers,Arrondissement Verviers,63,60000,Province de Liège,Provincie Luik,3000,RÉGION WALLONNE,WAALS GEWEST,2019
63079,Verviers,Verviers,63000,Arrondissement de Verviers,Arrondissement Verviers,63,60000,Province de Liège,Provincie Luik,3000,RÉGION WALLONNE,WAALS GEWEST,2019
63080,Waimes,Weismes,63000,Arrondissement de Verviers,Arrondissement Verviers,63,60000,Province de Liège,Provincie Luik,3000,RÉGION WALLONNE,WAALS GEWEST,2019
63084,Welkenraedt,Welkenraedt,63000,Arrondissement de Verviers,Arrondissement Verviers,63,60000,Province de Liège,Provincie Luik,3000,RÉGION WALLONNE,WAALS GEWEST,2019
64008,Berloz,Berloz,64000,Arrondissement de Waremme,Arrondissement Borgworm,64,60000,Province de Liège,Provincie Luik,3000,RÉGION WALLONNE,WAALS GEWEST,2019
64015,Braives,Braives,64000,Arrondissement de Waremme,Arrondissement Borgworm,64,60000,Province de Liège,Provincie Luik,3000,RÉGION WALLONNE,WAALS GEWEST,2019
64021,Crisnée,Crisnée,64000,Arrondissement de Waremme,Arrondissement Borgworm,64,60000,Province de Liège,Provincie Luik,3000,RÉGION WALLONNE,WAALS GEWEST,2019
64023,Donceel,Donceel,64000,Arrondissement de Waremme,Arrondissement Borgworm,64,60000,Province de Liège,Provincie Luik,3000,RÉGION WALLONNE,WAALS GEWEST,2019
64076,Faimes,Faimes,64000,Arrondissement de Waremme,Arrondissement Borgworm,64,60000,Province de Liège,Provincie Luik,3000,RÉGION WALLONNE,WAALS GEWEST,2019
64025,Fexhe-le-Haut-Clocher,Fexhe-le-Haut-Clocher,64000,Arrondissement de Waremme,Arrondissement Borgworm,64,60000,Province de Liège,Provincie Luik,3000,RÉGION WALLONNE,WAALS GEWEST,2019
64029,Geer,Geer,64000,Arrondissement de Waremme,Arrondissement Borgworm,64,60000,Province de Liège,Provincie Luik,3000,RÉGION WALLONNE,WAALS GEWEST,2019
64034,Hannut,Hannuit,64000,Arrondissement de Waremme,Arrondissement Borgworm,64,60000,Province de Liège,Provincie Luik,3000,RÉGION WALLONNE,WAALS GEWEST,2019
64047,Lincent,Lijsem,64000,Arrondissement de Waremme,Arrondissement Borgworm,64,60000,Province de Liège,Provincie Luik,3000,RÉGION WALLONNE,WAALS GEWEST,2019
64056,Oreye,Oerle,64000,Arrondissement de Waremme,Arrondissement Borgworm,64,60000,Province de Liège,Provincie Luik,3000,RÉGION WALLONNE,WAALS GEWEST,2019
64063,Remicourt,Remicourt,64000,Arrondissement de Waremme,Arrondissement Borgworm,64,60000,Province de Liège,Provincie Luik,3000,RÉGION WALLONNE,WAALS GEWEST,2019
64065,Saint-Georges-sur-Meuse,Saint-Georges-sur-Meuse,64000,Arrondissement de Waremme,Arrondissement Borgworm,64,60000,Province de Liège,Provincie Luik,3000,RÉGION WALLONNE,WAALS GEWEST,2019
64074,Waremme,Borgworm,64000,Arrondissement de Waremme,Arrondissement Borgworm,64,60000,Province de Liège,Provincie Luik,3000,RÉGION WALLONNE,WAALS GEWEST,2019
64075,Wasseiges,Wasseiges,64000,Arrondissement de Waremme,Arrondissement Borgworm,64,60000,Province de Liège,Provincie Luik,3000,RÉGION WALLONNE,WAALS GEWEST,2019
81001,Arlon,Aarlen,81000,Arrondissement d'Arlon,Arrondissement Aarlen,81,80000,Province du Luxembourg,Provincie Luxemburg,3000,RÉGION WALLONNE,WAALS GEWEST,2019
81003,Attert,Attert,81000,Arrondissement d'Arlon,Arrondissement Aarlen,81,80000,Province du Luxembourg,Provincie Luxemburg,3000,RÉGION WALLONNE,WAALS GEWEST,2019
81004,Aubange,Aubange,81000,Arrondissement d'Arlon,Arrondissement Aarlen,81,80000,Province du Luxembourg,Provincie Luxemburg,3000,RÉGION WALLONNE,WAALS GEWEST,2019
81013,Martelange,Martelange,81000,Arrondissement d'Arlon,Arrondissement Aarlen,81,80000,Province du Luxembourg,Provincie Luxemburg,3000,RÉGION WALLONNE,WAALS GEWEST,2019
81015,Messancy,Messancy,81000,Arrondissement d'Arlon,Arrondissement Aarlen,81,80000,Province du Luxembourg,Provincie Luxemburg,3000,RÉGION WALLONNE,WAALS GEWEST,2019
82003,Bastogne,Bastenaken,82000,Arrondissement de Bastogne,Arrondissement Bastenaken,82,80000,Province du Luxembourg,Provincie Luxemburg,3000,RÉGION WALLONNE,WAALS GEWEST,2019
82005,Bertogne,Bertogne,82000,Arrondissement de Bastogne,Arrondissement Bastenaken,82,80000,Province du Luxembourg,Provincie Luxemburg,3000,RÉGION WALLONNE,WAALS GEWEST,2019
82009,Fauvillers,Fauvillers,82000,Arrondissement de Bastogne,Arrondissement Bastenaken,82,80000,Province du Luxembourg,Provincie Luxemburg,3000,RÉGION WALLONNE,WAALS GEWEST,2019
82037,Gouvy,Gouvy,82000,Arrondissement de Bastogne,Arrondissement Bastenaken,82,80000,Province du Luxembourg,Provincie Luxemburg,3000,RÉGION WALLONNE,WAALS GEWEST,2019
82014,Houffalize,Houffalize,82000,Arrondissement de Bastogne,Arrondissement Bastenaken,82,80000,Province du Luxembourg,Provincie Luxemburg,3000,RÉGION WALLONNE,WAALS GEWEST,2019
82038,Sainte-Ode,Sainte-Ode,82000,Arrondissement de Bastogne,Arrondissement Bastenaken,82,80000,Province du Luxembourg,Provincie Luxemburg,3000,RÉGION WALLONNE,WAALS GEWEST,2019
82036,Vaux-sur-Sûre,Vaux-sur-Sûre,82000,Arrondissement de Bastogne,Arrondissement Bastenaken,82,80000,Province du Luxembourg,Provincie Luxemburg,3000,RÉGION WALLONNE,WAALS GEWEST,2019
82032,Vielsalm,Vielsalm,82000,Arrondissement de Bastogne,Arrondissement Bastenaken,82,80000,Province du Luxembourg,Provincie Luxemburg,3000,RÉGION WALLONNE,WAALS GEWEST,2019
83012,Durbuy,Durbuy,83000,Arrondissement de Marche-en-Famenne,Arrondissement Marche-en-Famenne,83,80000,Province du Luxembourg,Provincie Luxemburg,3000,RÉGION WALLONNE,WAALS GEWEST,2019
83013,Erezée,Erezée,83000,Arrondissement de Marche-en-Famenne,Arrondissement Marche-en-Famenne,83,80000,Province du Luxembourg,Provincie Luxemburg,3000,RÉGION WALLONNE,WAALS GEWEST,2019
83028,Hotton,Hotton,83000,Arrondissement de Marche-en-Famenne,Arrondissement Marche-en-Famenne,83,80000,Province du Luxembourg,Provincie Luxemburg,3000,RÉGION WALLONNE,WAALS GEWEST,2019
83031,La Roche-en-Ardenne,La Roche-en-Ardenne,83000,Arrondissement de Marche-en-Famenne,Arrondissement Marche-en-Famenne,83,80000,Province du Luxembourg,Provincie Luxemburg,3000,RÉGION WALLONNE,WAALS GEWEST,2019
83055,Manhay,Manhay,83000,Arrondissement de Marche-en-Famenne,Arrondissement Marche-en-Famenne,83,80000,Province du Luxembourg,Provincie Luxemburg,3000,RÉGION WALLONNE,WAALS GEWEST,2019
83034,Marche-en-Famenne,Marche-en-Famenne,83000,Arrondissement de Marche-en-Famenne,Arrondissement Marche-en-Famenne,83,80000,Province du Luxembourg,Provincie Luxemburg,3000,RÉGION WALLONNE,WAALS GEWEST,2019
83040,Nassogne,Nassogne,83000,Arrondissement de Marche-en-Famenne,Arrondissement Marche-en-Famenne,83,80000,Province du Luxembourg,Provincie Luxemburg,3000,RÉGION WALLONNE,WAALS GEWEST,2019
83044,Rendeux,Rendeux,83000,Arrondissement de Marche-en-Famenne,Arrondissement Marche-en-Famenne,83,80000,Province du Luxembourg,Provincie Luxemburg,3000,RÉGION WALLONNE,WAALS GEWEST,2019
83049,Tenneville,Tenneville,83000,Arrondissement de Marche-en-Famenne,Arrondissement Marche-en-Famenne,83,80000,Province du Luxembourg,Provincie Luxemburg,3000,RÉGION WALLONNE,WAALS GEWEST,2019
84009,Bertrix,Bertrix,84000,Arrondissement de Neufchâteau,Arrondissement Neufchâteau,84,80000,Province du Luxembourg,Provincie Luxemburg,3000,RÉGION WALLONNE,WAALS GEWEST,2019
84010,Bouillon,Bouillon,84000,Arrondissement de Neufchâteau,Arrondissement Neufchâteau,84,80000,Province du Luxembourg,Provincie Luxemburg,3000,RÉGION WALLONNE,WAALS GEWEST,2019
84016,Daverdisse,Daverdisse,84000,Arrondissement de Neufchâteau,Arrondissement Neufchâteau,84,80000,Province du Luxembourg,Provincie Luxemburg,3000,RÉGION WALLONNE,WAALS GEWEST,2019
84029,Herbeumont,Herbeumont,84000,Arrondissement de Neufchâteau,Arrondissement Neufchâteau,84,80000,Province du Luxembourg,Provincie Luxemburg,3000,RÉGION WALLONNE,WAALS GEWEST,2019
84033,Léglise,Léglise,84000,Arrondissement de Neufchâteau,Arrondissement Neufchâteau,84,80000,Province du Luxembourg,Provincie Luxemburg,3000,RÉGION WALLONNE,WAALS GEWEST,2019
84035,Libin,Libin,84000,Arrondissement de Neufchâteau,Arrondissement Neufchâteau,84,80000,Province du Luxembourg,Provincie Luxemburg,3000,RÉGION WALLONNE,WAALS GEWEST,2019
84077,Libramont-Chevigny,Libramont-Chevigny,84000,Arrondissement de Neufchâteau,Arrondissement Neufchâteau,84,80000,Province du Luxembourg,Provincie Luxemburg,3000,RÉGION WALLONNE,WAALS GEWEST,2019
84043,Neufchâteau,Neufchâteau,84000,Arrondissement de Neufchâteau,Arrondissement Neufchâteau,84,80000,Province du Luxembourg,Provincie Luxemburg,3000,RÉGION WALLONNE,WAALS GEWEST,2019
84050,Paliseul,Paliseul,84000,Arrondissement de Neufchâteau,Arrondissement Neufchâteau,84,80000,Province du Luxembourg,Provincie Luxemburg,3000,RÉGION WALLONNE,WAALS GEWEST,2019
84059,Saint-Hubert,Saint-Hubert,84000,Arrondissement de Neufchâteau,Arrondissement Neufchâteau,84,80000,Province du Luxembourg,Provincie Luxemburg,3000,RÉGION WALLONNE,WAALS GEWEST,2019
84068,Tellin,Tellin,84000,Arrondissement de Neufchâteau,Arrondissement Neufchâteau,84,80000,Province du Luxembourg,Provincie Luxemburg,3000,RÉGION WALLONNE,WAALS GEWEST,2019
84075,Wellin,Wellin,84000,Arrondissement de Neufchâteau,Arrondissement Neufchâteau,84,80000,Province du Luxembourg,Provincie Luxemburg,3000,RÉGION WALLONNE,WAALS GEWEST,2019
85007,Chiny,Chiny,85000,Arrondissement de Virton,Arrondissement Virton,85,80000,Province du Luxembourg,Provincie Luxemburg,3000,RÉGION WALLONNE,WAALS GEWEST,2019
85009,Etalle,Etalle,85000,Arrondissement de Virton,Arrondissement Virton,85,80000,Province du Luxembourg,Provincie Luxemburg,3000,RÉGION WALLONNE,WAALS GEWEST,2019
85011,Florenville,Florenville,85000,Arrondissement de Virton,Arrondissement Virton,85,80000,Province du Luxembourg,Provincie Luxemburg,3000,RÉGION WALLONNE,WAALS GEWEST,2019
85046,Habay,Habay,85000,Arrondissement de Virton,Arrondissement Virton,85,80000,Province du Luxembourg,Provincie Luxemburg,3000,RÉGION WALLONNE,WAALS GEWEST,2019
85024,Meix-devant-Virton,Meix-devant-Virton,85000,Arrondissement de Virton,Arrondissement Virton,85,80000,Province du Luxembourg,Provincie Luxemburg,3000,RÉGION WALLONNE,WAALS GEWEST,2019
85026,Musson,Musson,85000,Arrondissement de Virton,Arrondissement Virton,85,80000,Province du Luxembourg,Provincie Luxemburg,3000,RÉGION WALLONNE,WAALS GEWEST,2019
85047,Rouvroy,Rouvroy,85000,Arrondissement de Virton,Arrondissement Virton,85,80000,Province du Luxembourg,Provincie Luxemburg,3000,RÉGION WALLONNE,WAALS GEWEST,2019
85034,Saint-Léger,Saint-Léger,85000,Arrondissement de Virton,Arrondissement Virton,85,80000,Province du Luxembourg,Provincie Luxemburg,3000,RÉGION WALLONNE,WAALS GEWEST,2019
85039,Tintigny,Tintigny,85000,Arrondissement de Virton,Arrondissement Virton,85,80000,Province du Luxembourg,Provincie Luxemburg,3000,RÉGION WALLONNE,WAALS GEWEST,2019
85045,Virton,Virton,85000,Arrondissement de Virton,Arrondissement Virton,85,80000,Province du Luxembourg,Provincie Luxemburg,3000,RÉGION WALLONNE,WAALS GEWEST,2019
91005,Anhée,Anhée,91000,Arrondissement de Dinant,Arrondissement Dinant,91,90000,Province de Namur,Provincie Namen,3000,RÉGION WALLONNE,WAALS GEWEST,2019
91013,Beauraing,Beauraing,91000,Arrondissement de Dinant,Arrondissement Dinant,91,90000,Province de Namur,Provincie Namen,3000,RÉGION WALLONNE,WAALS GEWEST,2019
91015,Bièvre,Bièvre,91000,Arrondissement de Dinant,Arrondissement Dinant,91,90000,Province de Namur,Provincie Namen,3000,RÉGION WALLONNE,WAALS GEWEST,2019
91030,Ciney,Ciney,91000,Arrondissement de Dinant,Arrondissement Dinant,91,90000,Province de Namur,Provincie Namen,3000,RÉGION WALLONNE,WAALS GEWEST,2019
91034,Dinant,Dinant,91000,Arrondissement de Dinant,Arrondissement Dinant,91,90000,Province de Namur,Provincie Namen,3000,RÉGION WALLONNE,WAALS GEWEST,2019
91054,Gedinne,Gedinne,91000,Arrondissement de Dinant,Arrondissement Dinant,91,90000,Province de Namur,Provincie Namen,3000,RÉGION WALLONNE,WAALS GEWEST,2019
91059,Hamois,Hamois,91000,Arrondissement de Dinant,Arrondissement Dinant,91,90000,Province de Namur,Provincie Namen,3000,RÉGION WALLONNE,WAALS GEWEST,2019
91142,Hastière,Hastière,91000,Arrondissement de Dinant,Arrondissement Dinant,91,90000,Province de Namur,Provincie Namen,3000,RÉGION WALLONNE,WAALS GEWEST,2019
91064,Havelange,Havelange,91000,Arrondissement de Dinant,Arrondissement Dinant,91,90000,Province de Namur,Provincie Namen,3000,RÉGION WALLONNE,WAALS GEWEST,2019
91072,Houyet,Houyet,91000,Arrondissement de Dinant,Arrondissement Dinant,91,90000,Province de Namur,Provincie Namen,3000,RÉGION WALLONNE,WAALS GEWEST,2019
91103,Onhaye,Onhaye,91000,Arrondissement de Dinant,Arrondissement Dinant,91,90000,Province de Namur,Provincie Namen,3000,RÉGION WALLONNE,WAALS GEWEST,2019
91114,Rochefort,Rochefort,91000,Arrondissement de Dinant,Arrondissement Dinant,91,90000,Province de Namur,Provincie Namen,3000,RÉGION WALLONNE,WAALS GEWEST,2019
91120,Somme-Leuze,Somme-Leuze,91000,Arrondissement de Dinant,Arrondissement Dinant,91,90000,Province de Namur,Provincie Namen,3000,RÉGION WALLONNE,WAALS GEWEST,2019
91143,Vresse-sur-Semois,Vresse-sur-Semois,91000,Arrondissement de Dinant,Arrondissement Dinant,91,90000,Province de Namur,Provincie Namen,3000,RÉGION WALLONNE,WAALS GEWEST,2019
91141,Yvoir,Yvoir,91000,Arrondissement de Dinant,Arrondissement Dinant,91,90000,Province de Namur,Provincie Namen,3000,RÉGION WALLONNE,WAALS GEWEST,2019
92003,Andenne,Andenne,92000,Arrondissement de Namur,Arrondissement Namen,92,90000,Province de Namur,Provincie Namen,3000,RÉGION WALLONNE,WAALS GEWEST,2019
92006,Assesse,Assesse,92000,Arrondissement de Namur,Arrondissement Namen,92,90000,Province de Namur,Provincie Namen,3000,RÉGION WALLONNE,WAALS GEWEST,2019
92035,Eghezée,Eghezée,92000,Arrondissement de Namur,Arrondissement Namen,92,90000,Province de Namur,Provincie Namen,3000,RÉGION WALLONNE,WAALS GEWEST,2019
92138,Fernelmont,Fernelmont,92000,Arrondissement de Namur,Arrondissement Namen,92,90000,Province de Namur,Provincie Namen,3000,RÉGION WALLONNE,WAALS GEWEST,2019
92045,Floreffe,Floreffe,92000,Arrondissement de Namur,Arrondissement Namen,92,90000,Province de Namur,Provincie Namen,3000,RÉGION WALLONNE,WAALS GEWEST,2019
92048,Fosses-la-Ville,Fosses-la-Ville,92000,Arrondissement de Namur,Arrondissement Namen,92,90000,Province de Namur,Provincie Namen,3000,RÉGION WALLONNE,WAALS GEWEST,2019
92142,Gembloux,Gembloux,92000,Arrondissement de Namur,Arrondissement Namen,92,90000,Province de Namur,Provincie Namen,3000,RÉGION WALLONNE,WAALS GEWEST,2019
92054,Gesves,Gesves,92000,Arrondissement de Namur,Arrondissement Namen,92,90000,Province de Namur,Provincie Namen,3000,RÉGION WALLONNE,WAALS GEWEST,2019
92140,Jemeppe-sur-Sambre,Jemeppe-sur-Sambre,92000,Arrondissement de Namur,Arrondissement Namen,92,90000,Province de Namur,Provincie Namen,3000,RÉGION WALLONNE,WAALS GEWEST,2019
92141,La Bruyère,La Bruyère,92000,Arrondissement de Namur,Arrondissement Namen,92,90000,Province de Namur,Provincie Namen,3000,RÉGION WALLONNE,WAALS GEWEST,2019
92087,Mettet,Mettet,92000,Arrondissement de Namur,Arrondissement Namen,92,90000,Province de Namur,Provincie Namen,3000,RÉGION WALLONNE,WAALS GEWEST,2019
92094,Namur,Namen,92000,Arrondissement de Namur,Arrondissement Namen,92,90000,Province de Namur,Provincie Namen,3000,RÉGION WALLONNE,WAALS GEWEST,2019
92097,Ohey,Ohey,92000,Arrondissement de Namur,Arrondissement Namen,92,90000,Province de Namur,Provincie Namen,3000,RÉGION WALLONNE,WAALS GEWEST,2019
92101,Profondeville,Profondeville,92000,Arrondissement de Namur,Arrondissement Namen,92,90000,Province de Namur,Provincie Namen,3000,RÉGION WALLONNE,WAALS GEWEST,2019
92137,Sambreville,Sambreville,92000,Arrondissement de Namur,Arrondissement Namen,92,90000,Province de Namur,Provincie Namen,3000,RÉGION WALLONNE,WAALS GEWEST,2019
92114,Sombreffe,Sombreffe,92000,Arrondissement de Namur,Arrondissement Namen,92,90000,Province de Namur,Provincie Namen,3000,RÉGION WALLONNE,WAALS GEWEST,2019
93010,Cerfontaine,Cerfontaine,93000,Arrondissement de Philippeville,Arrondissement Philippeville,93,90000,Province de Namur,Provincie Namen,3000,RÉGION WALLONNE,WAALS GEWEST,2019
93014,Couvin,Couvin,93000,Arrondissement de Philippeville,Arrondissement Philippeville,93,90000,Province de Namur,Provincie Namen,3000,RÉGION WALLONNE,WAALS GEWEST,2019
93018,Doische,Doische,93000,Arrondissement de Philippeville,Arrondissement Philippeville,93,90000,Province de Namur,Provincie Namen,3000,RÉGION WALLONNE,WAALS GEWEST,2019
93022,Florennes,Florennes,93000,Arrondissement de Philippeville,Arrondissement Philippeville,93,90000,Province de Namur,Provincie Namen,3000,RÉGION WALLONNE,WAALS GEWEST,2019
93056,Philippeville,Philippeville,93000,Arrondissement de Philippeville,Arrondissement Philippeville,93,90000,Province de Namur,Provincie Namen,3000,RÉGION WALLONNE,WAALS GEWEST,2019
93090,Viroinval,Viroinval,93000,Arrondissement de Philippeville,Arrondissement Philippeville,93,90000,Province de Namur,Provincie Namen,3000,RÉGION WALLONNE,WAALS GEWEST,2019
93088,Walcourt,Walcourt,93000,Arrondissement de Philippeville,Arrondissement Philippeville,93,90000,Province de Namur,Provincie Namen,3000,RÉGION WALLONNE,WAALS GEWEST,2019
11001,Aartselaar,Aartselaar,11000,Arrondissement d'Anvers,Arrondissement Antwerpen,11,10000,Province d'Anvers,Provincie Antwerpen,4000,RÉGION DE BRUXELLES-CAPITALE,BRUSSELS HOOFDSTEDELIJK GEWEST,2019
11002,Anvers,Antwerpen,11000,Arrondissement d'Anvers,Arrondissement Antwerpen,11,10000,Province d'Anvers,Provincie Antwerpen,4000,RÉGION DE BRUXELLES-CAPITALE,BRUSSELS HOOFDSTEDELIJK GEWEST,2019
11004,Boechout,Boechout,11000,Arrondissement d'Anvers,Arrondissement Antwerpen,11,10000,Province d'Anvers,Provincie Antwerpen,4000,RÉGION DE BRUXELLES-CAPITALE,BRUSSELS HOOFDSTEDELIJK GEWEST,2019
11005,Boom,Boom,11000,Arrondissement d'Anvers,Arrondissement Antwerpen,11,10000,Province d'Anvers,Provincie Antwerpen,4000,RÉGION DE BRUXELLES-CAPITALE,BRUSSELS HOOFDSTEDELIJK GEWEST,2019
11007,Borsbeek,Borsbeek,11000,Arrondissement d'Anvers,Arrondissement Antwerpen,11,10000,Province d'Anvers,Provincie Antwerpen,4000,RÉGION DE BRUXELLES-CAPITALE,BRUSSELS HOOFDSTEDELIJK GEWEST,2019
11008,Brasschaat,Brasschaat,11000,Arrondissement d'Anvers,Arrondissement Antwerpen,11,10000,Province d'Anvers,Provincie Antwerpen,4000,RÉGION DE BRUXELLES-CAPITALE,BRUSSELS HOOFDSTEDELIJK GEWEST,2019
11009,Brecht,Brecht,11000,Arrondissement d'Anvers,Arrondissement Antwerpen,11,10000,Province d'Anvers,Provincie Antwerpen,4000,RÉGION DE BRUXELLES-CAPITALE,BRUSSELS HOOFDSTEDELIJK GEWEST,2019
11013,Edegem,Edegem,11000,Arrondissement d'Anvers,Arrondissement Antwerpen,11,10000,Province d'Anvers,Provincie Antwerpen,4000,RÉGION DE BRUXELLES-CAPITALE,BRUSSELS HOOFDSTEDELIJK GEWEST,2019
11016,Essen,Essen,11000,Arrondissement d'Anvers,Arrondissement Antwerpen,11,10000,Province d'Anvers,Provincie Antwerpen,4000,RÉGION DE BRUXELLES-CAPITALE,BRUSSELS HOOFDSTEDELIJK GEWEST,2019
11018,Hemiksem,Hemiksem,11000,Arrondissement d'Anvers,Arrondissement Antwerpen,11,10000,Province d'Anvers,Provincie Antwerpen,4000,RÉGION DE BRUXELLES-CAPITALE,BRUSSELS HOOFDSTEDELIJK GEWEST,2019
11021,Hove,Hove,11000,Arrondissement d'Anvers,Arrondissement Antwerpen,11,10000,Province d'Anvers,Provincie Antwerpen,4000,RÉGION DE BRUXELLES-CAPITALE,BRUSSELS HOOFDSTEDELIJK GEWEST,2019
11022,Kalmthout,Kalmthout,11000,Arrondissement d'Anvers,Arrondissement Antwerpen,11,10000,Province d'Anvers,Provincie Antwerpen,4000,RÉGION DE BRUXELLES-CAPITALE,BRUSSELS HOOFDSTEDELIJK GEWEST,2019
11023,Kapellen,Kapellen,11000,Arrondissement d'Anvers,Arrondissement Antwerpen,11,10000,Province d'Anvers,Provincie Antwerpen,4000,RÉGION DE BRUXELLES-CAPITALE,BRUSSELS HOOFDSTEDELIJK GEWEST,2019
11024,Kontich,Kontich,11000,Arrondissement d'Anvers,Arrondissement Antwerpen,11,10000,Province d'Anvers,Provincie Antwerpen,4000,RÉGION DE BRUXELLES-CAPITALE,BRUSSELS HOOFDSTEDELIJK GEWEST,2019
11025,Lint,Lint,11000,Arrondissement d'Anvers,Arrondissement Antwerpen,11,10000,Province d'Anvers,Provincie Antwerpen,4000,RÉGION DE BRUXELLES-CAPITALE,BRUSSELS HOOFDSTEDELIJK GEWEST,2019
11057,Malle,Malle,11000,Arrondissement d'Anvers,Arrondissement Antwerpen,11,10000,Province d'Anvers,Provincie Antwerpen,4000,RÉGION DE BRUXELLES-CAPITALE,BRUSSELS HOOFDSTEDELIJK GEWEST,2019
11029,Mortsel,Mortsel,11000,Arrondissement d'Anvers,Arrondissement Antwerpen,11,10000,Province d'Anvers,Provincie Antwerpen,4000,RÉGION DE BRUXELLES-CAPITALE,BRUSSELS HOOFDSTEDELIJK GEWEST,2019
11030,Niel,Niel,11000,Arrondissement d'Anvers,Arrondissement Antwerpen,11,10000,Province d'Anvers,Provincie Antwerpen,4000,RÉGION DE BRUXELLES-CAPITALE,BRUSSELS HOOFDSTEDELIJK GEWEST,2019
11035,Ranst,Ranst,11000,Arrondissement d'Anvers,Arrondissement Antwerpen,11,10000,Province d'Anvers,Provincie Antwerpen,4000,RÉGION DE BRUXELLES-CAPITALE,BRUSSELS HOOFDSTEDELIJK GEWEST,2019
11037,Rumst,Rumst,11000,Arrondissement d'Anvers,Arrondissement Antwerpen,11,10000,Province d'Anvers,Provincie Antwerpen,4000,RÉGION DE BRUXELLES-CAPITALE,BRUSSELS HOOFDSTEDELIJK GEWEST,2019
11038,Schelle,Schelle,11000,Arrondissement d'Anvers,Arrondissement Antwerpen,11,10000,Province d'Anvers,Provincie Antwerpen,4000,RÉGION DE BRUXELLES-CAPITALE,BRUSSELS HOOFDSTEDELIJK GEWEST,2019
11039,Schilde,Schilde,11000,Arrondissement d'Anvers,Arrondissement Antwerpen,11,10000,Province d'Anvers,Provincie Antwerpen,4000,RÉGION DE BRUXELLES-CAPITALE,BRUSSELS HOOFDSTEDELIJK GEWEST,2019
11040,Schoten,Schoten,11000,Arrondissement d'Anvers,Arrondissement Antwerpen,11,10000,Province d'Anvers,Provincie Antwerpen,4000,RÉGION DE BRUXELLES-CAPITALE,BRUSSELS HOOFDSTEDELIJK GEWEST,2019
11044,Stabroek,Stabroek,11000,Arrondissement d'Anvers,Arrondissement Antwerpen,11,10000,Province d'Anvers,Provincie Antwerpen,4000,RÉGION DE BRUXELLES-CAPITALE,BRUSSELS HOOFDSTEDELIJK GEWEST,2019
11050,Wijnegem,Wijnegem,11000,Arrondissement d'Anvers,Arrondissement Antwerpen,11,10000,Province d'Anvers,Provincie Antwerpen,4000,RÉGION DE BRUXELLES-CAPITALE,BRUSSELS HOOFDSTEDELIJK GEWEST,2019
11052,Wommelgem,Wommelgem,11000,Arrondissement d'Anvers,Arrondissement Antwerpen,11,10000,Province d'Anvers,Provincie Antwerpen,4000,RÉGION DE BRUXELLES-CAPITALE,BRUSSELS HOOFDSTEDELIJK GEWEST,2019
11053,Wuustwezel,Wuustwezel,11000,Arrondissement d'Anvers,Arrondissement Antwerpen,11,10000,Province d'Anvers,Provincie Antwerpen,4000,RÉGION DE BRUXELLES-CAPITALE,BRUSSELS HOOFDSTEDELIJK GEWEST,2019
11054,Zandhoven,Zandhoven,11000,Arrondissement d'Anvers,Arrondissement Antwerpen,11,10000,Province d'Anvers,Provincie Antwerpen,4000,RÉGION DE BRUXELLES-CAPITALE,BRUSSELS HOOFDSTEDELIJK GEWEST,2019
11055,Zoersel,Zoersel,11000,Arrondissement d'Anvers,Arrondissement Antwerpen,11,10000,Province d'Anvers,Provincie Antwerpen,4000,RÉGION DE BRUXELLES-CAPITALE,BRUSSELS HOOFDSTEDELIJK GEWEST,2019
11056,Zwijndrecht,Zwijndrecht,11000,Arrondissement d'Anvers,Arrondissement Antwerpen,11,10000,Province d'Anvers,Provincie Antwerpen,4000,RÉGION DE BRUXELLES-CAPITALE,BRUSSELS HOOFDSTEDELIJK GEWEST,2019
12002,Berlaar,Berlaar,12000,Arrondissement de Malines,Arrondissement Mechelen,12,10000,Province d'Anvers,Provincie Antwerpen,4000,RÉGION DE BRUXELLES-CAPITALE,BRUSSELS HOOFDSTEDELIJK GEWEST,2019
12005,Bonheiden,Bonheiden,12000,Arrondissement de Malines,Arrondissement Mechelen,12,10000,Province d'Anvers,Provincie Antwerpen,4000,RÉGION DE BRUXELLES-CAPITALE,BRUSSELS HOOFDSTEDELIJK GEWEST,2019
12007,Bornem,Bornem,12000,Arrondissement de Malines,Arrondissement Mechelen,12,10000,Province d'Anvers,Provincie Antwerpen,4000,RÉGION DE BRUXELLES-CAPITALE,BRUSSELS HOOFDSTEDELIJK GEWEST,2019
12009,Duffel,Duffel,12000,Arrondissement de Malines,Arrondissement Mechelen,12,10000,Province d'Anvers,Provincie Antwerpen,4000,RÉGION DE BRUXELLES-CAPITALE,BRUSSELS HOOFDSTEDELIJK GEWEST,2019
12014,Heist-op-den-Berg,Heist-op-den-Berg,12000,Arrondissement de Malines,Arrondissement Mechelen,12,10000,Province d'Anvers,Provincie Antwerpen,4000,RÉGION DE BRUXELLES-CAPITALE,BRUSSELS HOOFDSTEDELIJK GEWEST,2019
12021,Lierre,Lier,12000,Arrondissement de Malines,Arrondissement Mechelen,12,10000,Province d'Anvers,Provincie Antwerpen,4000,RÉGION DE BRUXELLES-CAPITALE,BRUSSELS HOOFDSTEDELIJK GEWEST,2019
12025,Malines,Mechelen,12000,Arrondissement de Malines,Arrondissement Mechelen,12,10000,Province d'Anvers,Provincie Antwerpen,4000,RÉGION DE BRUXELLES-CAPITALE,BRUSSELS HOOFDSTEDELIJK GEWEST,2019
12026,Nijlen,Nijlen,12000,Arrondissement de Malines,Arrondissement Mechelen,12,10000,Province d'Anvers,Provincie Antwerpen,4000,RÉGION DE BRUXELLES-CAPITALE,BRUSSELS HOOFDSTEDELIJK GEWEST,2019
12029,Putte,Putte,12000,Arrondissement de Malines,Arrondissement Mechelen,12,10000,Province d'Anvers,Provincie Antwerpen,4000,RÉGION DE BRUXELLES-CAPITALE,BRUSSELS HOOFDSTEDELIJK GEWEST,2019
12041,Puurs-Sint-Amands,Puurs-Sint-Amands,12000,Arrondissement de Malines,Arrondissement Mechelen,12,10000,Province d'Anvers,Provincie Antwerpen,4000,RÉGION DE BRUXELLES-CAPITALE,BRUSSELS HOOFDSTEDELIJK GEWEST,2019
12035,Sint-Katelijne-Waver,Sint-Katelijne-Waver,12000,Arrondissement de Malines,Arrondissement Mechelen,12,10000,Province d'Anvers,Provincie Antwerpen,4000,RÉGION DE BRUXELLES-CAPITALE,BRUSSELS HOOFDSTEDELIJK GEWEST,2019
12040,Willebroek,Willebroek,12000,Arrondissement de Malines,Arrondissement Mechelen,12,10000,Province d'Anvers,Provincie Antwerpen,4000,RÉGION DE BRUXELLES-CAPITALE,BRUSSELS HOOFDSTEDELIJK GEWEST,2019
13001,Arendonk,Arendonk,13000,Arrondissement de Turnhout,Arrondissement Turnhout,13,10000,Province d'Anvers,Provincie Antwerpen,4000,RÉGION DE BRUXELLES-CAPITALE,BRUSSELS HOOFDSTEDELIJK GEWEST,2019
13002,Baerle-Duc,Baarle-Hertog,13000,Arrondissement de Turnhout,Arrondissement Turnhout,13,10000,Province d'Anvers,Provincie Antwerpen,4000,RÉGION DE BRUXELLES-CAPITALE,BRUSSELS HOOFDSTEDELIJK GEWEST,2019
13003,Balen,Balen,13000,Arrondissement de Turnhout,Arrondissement Turnhout,13,10000,Province d'Anvers,Provincie Antwerpen,4000,RÉGION DE BRUXELLES-CAPITALE,BRUSSELS HOOFDSTEDELIJK GEWEST,2019
13004,Beerse,Beerse,13000,Arrondissement de Turnhout,Arrondissement Turnhout,13,10000,Province d'Anvers,Provincie Antwerpen,4000,RÉGION DE BRUXELLES-CAPITALE,BRUSSELS HOOFDSTEDELIJK GEWEST,2019
13006,Dessel,Dessel,13000,Arrondissement de Turnhout,Arrondissement Turnhout,13,10000,Province d'Anvers,Provincie Antwerpen,4000,RÉGION DE BRUXELLES-CAPITALE,BRUSSELS HOOFDSTEDELIJK GEWEST,2019
13008,Geel,Geel,13000,Arrondissement de Turnhout,Arrondissement Turnhout,13,10000,Province d'Anvers,Provincie Antwerpen,4000,RÉGION DE BRUXELLES-CAPITALE,BRUSSELS HOOFDSTEDELIJK GEWEST,2019
13010,Grobbendonk,Grobbendonk,13000,Arrondissement de Turnhout,Arrondissement Turnhout,13,10000,Province d'Anvers,Provincie Antwerpen,4000,RÉGION DE BRUXELLES-CAPITALE,BRUSSELS HOOFDSTEDELIJK GEWEST,2019
13011,Herentals,Herentals,13000,Arrondissement de Turnhout,Arrondissement Turnhout,13,10000,Province d'Anvers,Provincie Antwerpen,4000,RÉGION DE BRUXELLES-CAPITALE,BRUSSELS HOOFDSTEDELIJK GEWEST,2019
13012,Herenthout,Herenthout,13000,Arrondissement de Turnhout,Arrondissement Turnhout,13,10000,Province d'Anvers,Provincie Antwerpen,4000,RÉGION DE BRUXELLES-CAPITALE,BRUSSELS HOOFDSTEDELIJK GEWEST,2019
13013,Herselt,Herselt,13000,Arrondissement de Turnhout,Arrondissement Turnhout,13,10000,Province d'Anvers,Provincie Antwerpen,4000,RÉGION DE BRUXELLES-CAPITALE,BRUSSELS HOOFDSTEDELIJK GEWEST,2019
13014,Hoogstraten,Hoogstraten,13000,Arrondissement de Turnhout,Arrondissement Turnhout,13,10000,Province d'Anvers,Provincie Antwerpen,4000,RÉGION DE BRUXELLES-CAPITALE,BRUSSELS HOOFDSTEDELIJK GEWEST,2019
13016,Hulshout,Hulshout,13000,Arrondissement de Turnhout,Arrondissement Turnhout,13,10000,Province d'Anvers,Provincie Antwerpen,4000,RÉGION DE BRUXELLES-CAPITALE,BRUSSELS HOOFDSTEDELIJK GEWEST,2019
13017,Kasterlee,Kasterlee,13000,Arrondissement de Turnhout,Arrondissement Turnhout,13,10000,Province d'Anvers,Provincie Antwerpen,4000,RÉGION DE BRUXELLES-CAPITALE,BRUSSELS HOOFDSTEDELIJK GEWEST,2019
13053,Laakdal,Laakdal,13000,Arrondissement de Turnhout,Arrondissement Turnhout,13,10000,Province d'Anvers,Provincie Antwerpen,4000,RÉGION DE BRUXELLES-CAPITALE,BRUSSELS HOOFDSTEDELIJK GEWEST,2019
13019,Lille,Lille,13000,Arrondissement de Turnhout,Arrondissement Turnhout,13,10000,Province d'Anvers,Provincie Antwerpen,4000,RÉGION DE BRUXELLES-CAPITALE,BRUSSELS HOOFDSTEDELIJK GEWEST,2019
13021,Meerhout,Meerhout,13000,Arrondissement de Turnhout,Arrondissement Turnhout,13,10000,Province d'Anvers,Provincie Antwerpen,4000,RÉGION DE BRUXELLES-CAPITALE,BRUSSELS HOOFDSTEDELIJK GEWEST,2019
13023,Merksplas,Merksplas,13000,Arrondissement de Turnhout,Arrondissement Turnhout,13,10000,Province d'Anvers,Provincie Antwerpen,4000,RÉGION DE BRUXELLES-CAPITALE,BRUSSELS HOOFDSTEDELIJK GEWEST,2019
13025,Mol,Mol,13000,Arrondissement de Turnhout,Arrondissement Turnhout,13,10000,Province d'Anvers,Provincie Antwerpen,4000,RÉGION DE BRUXELLES-CAPITALE,BRUSSELS HOOFDSTEDELIJK GEWEST,2019
13029,Olen,Olen,13000,Arrondissement de Turnhout,Arrondissement Turnhout,13,10000,Province d'Anvers,Provincie Antwerpen,4000,RÉGION DE BRUXELLES-CAPITALE,BRUSSELS HOOFDSTEDELIJK GEWEST,2019
13031,Oud-Turnhout,Oud-Turnhout,13000,Arrondissement de Turnhout,Arrondissement Turnhout,13,10000,Province d'Anvers,Provincie Antwerpen,4000,RÉGION DE BRUXELLES-CAPITALE,BRUSSELS HOOFDSTEDELIJK GEWEST,2019
13035,Ravels,Ravels,13000,Arrondissement de Turnhout,Arrondissement Turnhout,13,10000,Province d'Anvers,Provincie Antwerpen,4000,RÉGION DE BRUXELLES-CAPITALE,BRUSSELS HOOFDSTEDELIJK GEWEST,2019
13036,Retie,Retie,13000,Arrondissement de Turnhout,Arrondissement Turnhout,13,10000,Province d'Anvers,Provincie Antwerpen,4000,RÉGION DE BRUXELLES-CAPITALE,BRUSSELS HOOFDSTEDELIJK GEWEST,2019
13037,Rijkevorsel,Rijkevorsel,13000,Arrondissement de Turnhout,Arrondissement Turnhout,13,10000,Province d'Anvers,Provincie Antwerpen,4000,RÉGION DE BRUXELLES-CAPITALE,BRUSSELS HOOFDSTEDELIJK GEWEST,2019
13040,Turnhout,Turnhout,13000,Arrondissement de Turnhout,Arrondissement Turnhout,13,10000,Province d'Anvers,Provincie Antwerpen,4000,RÉGION DE BRUXELLES-CAPITALE,BRUSSELS HOOFDSTEDELIJK GEWEST,2019
13044,Vorselaar,Vorselaar,13000,Arrondissement de Turnhout,Arrondissement Turnhout,13,10000,Province d'Anvers,Provincie Antwerpen,4000,RÉGION DE BRUXELLES-CAPITALE,BRUSSELS HOOFDSTEDELIJK GEWEST,2019
13046,Vosselaar,Vosselaar,13000,Arrondissement de Turnhout,Arrondissement Turnhout,13,10000,Province d'Anvers,Provincie Antwerpen,4000,RÉGION DE BRUXELLES-CAPITALE,BRUSSELS HOOFDSTEDELIJK GEWEST,2019
13049,Westerlo,Westerlo,13000,Arrondissement de Turnhout,Arrondissement Turnhout,13,10000,Province d'Anvers,Provincie Antwerpen,4000,RÉGION DE BRUXELLES-CAPITALE,BRUSSELS HOOFDSTEDELIJK GEWEST,2019
