C_BASE_CLIST_ARCA,Y_BASE_CLIST_ARCA,C_BASE_CODE_ARCA,B_BASE_CODE_XTRA_ARCA,C_OVER_CLIST_ARCA,C_OVER_CODE_ARCA,B_OVER_CODE_XTRA_ARCA,Q_COMB_VAL_ARCA,C_COMB_COMM_ARCA,N_UPD_USR_ARCA,D_UPD_ARCA,B_BASE_CODE_EMPTY_ARCA
NUTS3,2016,BE100,0,ARROND,21,0,NULL,NULL,TIMMERM,2023-09-27 15:40:00.000,0
NUTS3,2016,BE100,0,NUTS0,BE,0,NULL,NULL,TIMMERM,2023-09-27 15:40:00.000,0
NUTS3,2016,BE100,0,NUTS1,BE1,0,NULL,NULL,TIMMERM,2023-09-27 15:40:00.000,0
NUTS3,2016,BE100,0,NUTS2,BE10,0,NULL,NULL,TIMMERM,2023-09-27 15:40:00.000,0
NUTS3,2016,BE211,0,ARROND,11,0,NULL,NULL,TIMMERM,2023-09-27 15:40:00.000,0
NUTS3,2016,BE211,0,NUTS0,BE,0,NULL,NULL,TIMMERM,2023-09-27 15:40:00.000,0
NUTS3,2016,BE211,0,NUTS1,BE2,0,NULL,NULL,TIMMERM,2023-09-27 15:40:00.000,0
NUTS3,2016,BE211,0,NUTS2,BE21,0,NULL,NULL,TIMMERM,2023-09-27 15:40:00.000,0
NUTS3,2016,BE212,0,ARROND,12,0,NULL,NULL,TIMMERM,2023-09-27 15:40:00.000,0
NUTS3,2016,BE212,0,NUTS0,BE,0,NULL,NULL,TIMMERM,2023-09-27 15:40:00.000,0
NUTS3,2016,BE212,0,NUTS1,BE2,0,NULL,NULL,TIMMERM,2023-09-27 15:40:00.000,0
NUTS3,2016,BE212,0,NUTS2,BE21,0,NULL,NULL,TIMMERM,2023-09-27 15:40:00.000,0
NUTS3,2016,BE213,0,ARROND,13,0,NULL,NULL,TIMMERM,2023-09-27 15:40:00.000,0
NUTS3,2016,BE213,0,NUTS0,BE,0,NULL,NULL,TIMMERM,2023-09-27 15:40:00.000,0
NUTS3,2016,BE213,0,NUTS1,BE2,0,NULL,NULL,TIMMERM,2023-09-27 15:40:00.000,0
NUTS3,2016,BE213,0,NUTS2,BE21,0,NULL,NULL,TIMMERM,2023-09-27 15:40:00.000,0
NUTS3,2016,BE221,0,ARROND,71,0,NULL,NULL,TIMMERM,2023-09-27 15:40:00.000,0
NUTS3,2016,BE221,0,NUTS0,BE,0,NULL,NULL,TIMMERM,2023-09-27 15:40:00.000,0
NUTS3,2016,BE221,0,NUTS1,BE2,0,NULL,NULL,TIMMERM,2023-09-27 15:40:00.000,0
NUTS3,2016,BE221,0,NUTS2,BE22,0,NULL,NULL,TIMMERM,2023-09-27 15:40:00.000,0
NUTS3,2016,BE222,0,ARROND,72,0,NULL,NULL,TIMMERM,2023-09-27 15:40:00.000,0
NUTS3,2016,BE222,0,NUTS0,BE,0,NULL,NULL,TIMMERM,2023-09-27 15:40:00.000,0
NUTS3,2016,BE222,0,NUTS1,BE2,0,NULL,NULL,TIMMERM,2023-09-27 15:40:00.000,0
NUTS3,2016,BE222,0,NUTS2,BE22,0,NULL,NULL,TIMMERM,2023-09-27 15:40:00.000,0
NUTS3,2016,BE223,0,ARROND,73,0,NULL,NULL,TIMMERM,2023-09-27 15:40:00.000,0
NUTS3,2016,BE223,0,NUTS0,BE,0,NULL,NULL,TIMMERM,2023-09-27 15:40:00.000,0
NUTS3,2016,BE223,0,NUTS1,BE2,0,NULL,NULL,TIMMERM,2023-09-27 15:40:00.000,0
NUTS3,2016,BE223,0,NUTS2,BE22,0,NULL,NULL,TIMMERM,2023-09-27 15:40:00.000,0
NUTS3,2016,BE231,0,ARROND,41,0,NULL,NULL,TIMMERM,2023-09-27 15:40:00.000,0
NUTS3,2016,BE231,0,NUTS0,BE,0,NULL,NULL,TIMMERM,2023-09-27 15:40:00.000,0
NUTS3,2016,BE231,0,NUTS1,BE2,0,NULL,NULL,TIMMERM,2023-09-27 15:40:00.000,0
NUTS3,2016,BE231,0,NUTS2,BE23,0,NULL,NULL,TIMMERM,2023-09-27 15:40:00.000,0
NUTS3,2016,BE232,0,ARROND,42,0,NULL,NULL,TIMMERM,2023-09-27 15:40:00.000,0
NUTS3,2016,BE232,0,NUTS0,BE,0,NULL,NULL,TIMMERM,2023-09-27 15:40:00.000,0
NUTS3,2016,BE232,0,NUTS1,BE2,0,NULL,NULL,TIMMERM,2023-09-27 15:40:00.000,0
NUTS3,2016,BE232,0,NUTS2,BE23,0,NULL,NULL,TIMMERM,2023-09-27 15:40:00.000,0
NUTS3,2016,BE233,0,ARROND,43,0,NULL,NULL,TIMMERM,2023-09-27 15:40:00.000,0
NUTS3,2016,BE233,0,NUTS0,BE,0,NULL,NULL,TIMMERM,2023-09-27 15:40:00.000,0
NUTS3,2016,BE233,0,NUTS1,BE2,0,NULL,NULL,TIMMERM,2023-09-27 15:40:00.000,0
NUTS3,2016,BE233,0,NUTS2,BE23,0,NULL,NULL,TIMMERM,2023-09-27 15:40:00.000,0
NUTS3,2016,BE234,0,ARROND,44,0,NULL,NULL,TIMMERM,2023-09-27 15:40:00.000,0
NUTS3,2016,BE234,0,NUTS0,BE,0,NULL,NULL,TIMMERM,2023-09-27 15:40:00.000,0
NUTS3,2016,BE234,0,NUTS1,BE2,0,NULL,NULL,TIMMERM,2023-09-27 15:40:00.000,0
NUTS3,2016,BE234,0,NUTS2,BE23,0,NULL,NULL,TIMMERM,2023-09-27 15:40:00.000,0
NUTS3,2016,BE235,0,ARROND,45,0,NULL,NULL,TIMMERM,2023-09-27 15:40:00.000,0
NUTS3,2016,BE235,0,NUTS0,BE,0,NULL,NULL,TIMMERM,2023-09-27 15:40:00.000,0
NUTS3,2016,BE235,0,NUTS1,BE2,0,NULL,NULL,TIMMERM,2023-09-27 15:40:00.000,0
NUTS3,2016,BE235,0,NUTS2,BE23,0,NULL,NULL,TIMMERM,2023-09-27 15:40:00.000,0
NUTS3,2016,BE236,0,ARROND,46,0,NULL,NULL,TIMMERM,2023-09-27 15:40:00.000,0
NUTS3,2016,BE236,0,NUTS0,BE,0,NULL,NULL,TIMMERM,2023-09-27 15:40:00.000,0
NUTS3,2016,BE236,0,NUTS1,BE2,0,NULL,NULL,TIMMERM,2023-09-27 15:40:00.000,0
NUTS3,2016,BE236,0,NUTS2,BE23,0,NULL,NULL,TIMMERM,2023-09-27 15:40:00.000,0
NUTS3,2016,BE241,0,ARROND,23,0,NULL,NULL,TIMMERM,2023-09-27 15:40:00.000,0
NUTS3,2016,BE241,0,NUTS0,BE,0,NULL,NULL,TIMMERM,2023-09-27 15:40:00.000,0
NUTS3,2016,BE241,0,NUTS1,BE2,0,NULL,NULL,TIMMERM,2023-09-27 15:40:00.000,0
NUTS3,2016,BE241,0,NUTS2,BE24,0,NULL,NULL,TIMMERM,2023-09-27 15:40:00.000,0
NUTS3,2016,BE242,0,ARROND,24,0,NULL,NULL,TIMMERM,2023-09-27 15:40:00.000,0
NUTS3,2016,BE242,0,NUTS0,BE,0,NULL,NULL,TIMMERM,2023-09-27 15:40:00.000,0
NUTS3,2016,BE242,0,NUTS1,BE2,0,NULL,NULL,TIMMERM,2023-09-27 15:40:00.000,0
NUTS3,2016,BE242,0,NUTS2,BE24,0,NULL,NULL,TIMMERM,2023-09-27 15:40:00.000,0
NUTS3,2016,BE251,0,ARROND,31,0,NULL,NULL,TIMMERM,2023-09-27 15:40:00.000,0
NUTS3,2016,BE251,0,NUTS0,BE,0,NULL,NULL,TIMMERM,2023-09-27 15:40:00.000,0
NUTS3,2016,BE251,0,NUTS1,BE2,0,NULL,NULL,TIMMERM,2023-09-27 15:40:00.000,0
NUTS3,2016,BE251,0,NUTS2,BE25,0,NULL,NULL,TIMMERM,2023-09-27 15:40:00.000,0
NUTS3,2016,BE252,0,ARROND,32,0,NULL,NULL,TIMMERM,2023-09-27 15:40:00.000,0
NUTS3,2016,BE252,0,NUTS0,BE,0,NULL,NULL,TIMMERM,2023-09-27 15:40:00.000,0
NUTS3,2016,BE252,0,NUTS1,BE2,0,NULL,NULL,TIMMERM,2023-09-27 15:40:00.000,0
NUTS3,2016,BE252,0,NUTS2,BE25,0,NULL,NULL,TIMMERM,2023-09-27 15:40:00.000,0
NUTS3,2016,BE253,0,ARROND,33,0,NULL,NULL,TIMMERM,2023-09-27 15:40:00.000,0
NUTS3,2016,BE253,0,NUTS0,BE,0,NULL,NULL,TIMMERM,2023-09-27 15:40:00.000,0
NUTS3,2016,BE253,0,NUTS1,BE2,0,NULL,NULL,TIMMERM,2023-09-27 15:40:00.000,0
NUTS3,2016,BE253,0,NUTS2,BE25,0,NULL,NULL,TIMMERM,2023-09-27 15:40:00.000,0
NUTS3,2016,BE254,0,ARROND,34,0,NULL,NULL,TIMMERM,2023-09-27 15:40:00.000,0
NUTS3,2016,BE254,0,NUTS0,BE,0,NULL,NULL,TIMMERM,2023-09-27 15:40:00.000,0
NUTS3,2016,BE254,0,NUTS1,BE2,0,NULL,NULL,TIMMERM,2023-09-27 15:40:00.000,0
NUTS3,2016,BE254,0,NUTS2,BE25,0,NULL,NULL,TIMMERM,2023-09-27 15:40:00.000,0
NUTS3,2016,BE255,0,ARROND,35,0,NULL,NULL,TIMMERM,2023-09-27 15:40:00.000,0
NUTS3,2016,BE255,0,NUTS0,BE,0,NULL,NULL,TIMMERM,2023-09-27 15:40:00.000,0
NUTS3,2016,BE255,0,NUTS1,BE2,0,NULL,NULL,TIMMERM,2023-09-27 15:40:00.000,0
NUTS3,2016,BE255,0,NUTS2,BE25,0,NULL,NULL,TIMMERM,2023-09-27 15:40:00.000,0
NUTS3,2016,BE256,0,ARROND,36,0,NULL,NULL,TIMMERM,2023-09-27 15:40:00.000,0
NUTS3,2016,BE256,0,NUTS0,BE,0,NULL,NULL,TIMMERM,2023-09-27 15:40:00.000,0
NUTS3,2016,BE256,0,NUTS1,BE2,0,NULL,NULL,TIMMERM,2023-09-27 15:40:00.000,0
NUTS3,2016,BE256,0,NUTS2,BE25,0,NULL,NULL,TIMMERM,2023-09-27 15:40:00.000,0
NUTS3,2016,BE257,0,ARROND,37,0,NULL,NULL,TIMMERM,2023-09-27 15:40:00.000,0
NUTS3,2016,BE257,0,NUTS0,BE,0,NULL,NULL,TIMMERM,2023-09-27 15:40:00.000,0
NUTS3,2016,BE257,0,NUTS1,BE2,0,NULL,NULL,TIMMERM,2023-09-27 15:40:00.000,0
NUTS3,2016,BE257,0,NUTS2,BE25,0,NULL,NULL,TIMMERM,2023-09-27 15:40:00.000,0
NUTS3,2016,BE258,0,ARROND,38,0,NULL,NULL,TIMMERM,2023-09-27 15:40:00.000,0
NUTS3,2016,BE258,0,NUTS0,BE,0,NULL,NULL,TIMMERM,2023-09-27 15:40:00.000,0
NUTS3,2016,BE258,0,NUTS1,BE2,0,NULL,NULL,TIMMERM,2023-09-27 15:40:00.000,0
NUTS3,2016,BE258,0,NUTS2,BE25,0,NULL,NULL,TIMMERM,2023-09-27 15:40:00.000,0
NUTS3,2016,BE310,0,ARROND,25,0,NULL,NULL,TIMMERM,2023-09-27 15:40:00.000,0
NUTS3,2016,BE310,0,NUTS0,BE,0,NULL,NULL,TIMMERM,2023-09-27 15:40:00.000,0
NUTS3,2016,BE310,0,NUTS1,BE3,0,NULL,NULL,TIMMERM,2023-09-27 15:40:00.000,0
NUTS3,2016,BE310,0,NUTS2,BE31,0,NULL,NULL,TIMMERM,2023-09-27 15:40:00.000,0
NUTS3,2016,BE321,0,ARROND,51,0,NULL,NULL,TIMMERM,2023-09-27 15:40:00.000,0
NUTS3,2016,BE321,0,NUTS0,BE,0,NULL,NULL,TIMMERM,2023-09-27 15:40:00.000,0
NUTS3,2016,BE321,0,NUTS1,BE3,0,NULL,NULL,TIMMERM,2023-09-27 15:40:00.000,0
NUTS3,2016,BE321,0,NUTS2,BE32,0,NULL,NULL,TIMMERM,2023-09-27 15:40:00.000,0
NUTS3,2016,BE322,0,ARROND,52,0,NULL,NULL,TIMMERM,2023-09-27 15:40:00.000,0
NUTS3,2016,BE322,0,NUTS0,BE,0,NULL,NULL,TIMMERM,2023-09-27 15:40:00.000,0
NUTS3,2016,BE322,0,NUTS1,BE3,0,NULL,NULL,TIMMERM,2023-09-27 15:40:00.000,0
NUTS3,2016,BE322,0,NUTS2,BE32,0,NULL,NULL,TIMMERM,2023-09-27 15:40:00.000,0
NUTS3,2016,BE323,0,ARROND,53,0,NULL,NULL,TIMMERM,2023-09-27 15:40:00.000,0
NUTS3,2016,BE323,0,NUTS0,BE,0,NULL,NULL,TIMMERM,2023-09-27 15:40:00.000,0
NUTS3,2016,BE323,0,NUTS1,BE3,0,NULL,NULL,TIMMERM,2023-09-27 15:40:00.000,0
NUTS3,2016,BE323,0,NUTS2,BE32,0,NULL,NULL,TIMMERM,2023-09-27 15:40:00.000,0
NUTS3,2016,BE324,0,ARROND,54,0,NULL,NULL,TIMMERM,2023-09-27 15:40:00.000,0
NUTS3,2016,BE324,0,NUTS0,BE,0,NULL,NULL,TIMMERM,2023-09-27 15:40:00.000,0
NUTS3,2016,BE324,0,NUTS1,BE3,0,NULL,NULL,TIMMERM,2023-09-27 15:40:00.000,0
NUTS3,2016,BE324,0,NUTS2,BE32,0,NULL,NULL,TIMMERM,2023-09-27 15:40:00.000,0
NUTS3,2016,BE325,0,ARROND,55,0,NULL,NULL,TIMMERM,2023-09-27 15:40:00.000,0
NUTS3,2016,BE325,0,NUTS0,BE,0,NULL,NULL,TIMMERM,2023-09-27 15:40:00.000,0
NUTS3,2016,BE325,0,NUTS1,BE3,0,NULL,NULL,TIMMERM,2023-09-27 15:40:00.000,0
NUTS3,2016,BE325,0,NUTS2,BE32,0,NULL,NULL,TIMMERM,2023-09-27 15:40:00.000,0
NUTS3,2016,BE326,0,ARROND,56,0,NULL,NULL,TIMMERM,2023-09-27 15:40:00.000,0
NUTS3,2016,BE326,0,NUTS0,BE,0,NULL,NULL,TIMMERM,2023-09-27 15:40:00.000,0
NUTS3,2016,BE326,0,NUTS1,BE3,0,NULL,NULL,TIMMERM,2023-09-27 15:40:00.000,0
NUTS3,2016,BE326,0,NUTS2,BE32,0,NULL,NULL,TIMMERM,2023-09-27 15:40:00.000,0
NUTS3,2016,BE327,0,ARROND,57,0,NULL,NULL,TIMMERM,2023-09-27 15:40:00.000,0
NUTS3,2016,BE327,0,NUTS0,BE,0,NULL,NULL,TIMMERM,2023-09-27 15:40:00.000,0
NUTS3,2016,BE327,0,NUTS1,BE3,0,NULL,NULL,TIMMERM,2023-09-27 15:40:00.000,0
NUTS3,2016,BE327,0,NUTS2,BE32,0,NULL,NULL,TIMMERM,2023-09-27 15:40:00.000,0
NUTS3,2016,BE331,0,ARROND,61,0,NULL,NULL,TIMMERM,2023-09-27 15:40:00.000,0
NUTS3,2016,BE331,0,NUTS0,BE,0,NULL,NULL,TIMMERM,2023-09-27 15:40:00.000,0
NUTS3,2016,BE331,0,NUTS1,BE3,0,NULL,NULL,TIMMERM,2023-09-27 15:40:00.000,0
NUTS3,2016,BE331,0,NUTS2,BE33,0,NULL,NULL,TIMMERM,2023-09-27 15:40:00.000,0
NUTS3,2016,BE332,0,ARROND,62,0,NULL,NULL,TIMMERM,2023-09-27 15:40:00.000,0
NUTS3,2016,BE332,0,NUTS0,BE,0,NULL,NULL,TIMMERM,2023-09-27 15:40:00.000,0
NUTS3,2016,BE332,0,NUTS1,BE3,0,NULL,NULL,TIMMERM,2023-09-27 15:40:00.000,0
NUTS3,2016,BE332,0,NUTS2,BE33,0,NULL,NULL,TIMMERM,2023-09-27 15:40:00.000,0
NUTS3,2016,BE333,0,ARROND,63,0,NULL,NULL,TIMMERM,2023-09-27 15:40:00.000,0
NUTS3,2016,BE333,0,NUTS0,BE,0,NULL,NULL,TIMMERM,2023-09-27 15:40:00.000,0
NUTS3,2016,BE333,0,NUTS1,BE3,0,NULL,NULL,TIMMERM,2023-09-27 15:40:00.000,0
NUTS3,2016,BE333,0,NUTS2,BE33,0,NULL,NULL,TIMMERM,2023-09-27 15:40:00.000,0
NUTS3,2016,BE334,0,ARROND,64,0,NULL,NULL,TIMMERM,2023-09-27 15:40:00.000,0
NUTS3,2016,BE334,0,NUTS0,BE,0,NULL,NULL,TIMMERM,2023-09-27 15:40:00.000,0
NUTS3,2016,BE334,0,NUTS1,BE3,0,NULL,NULL,TIMMERM,2023-09-27 15:40:00.000,0
NUTS3,2016,BE334,0,NUTS2,BE33,0,NULL,NULL,TIMMERM,2023-09-27 15:40:00.000,0
NUTS3,2016,BE335,0,ARROND,65,0,NULL,NULL,TIMMERM,2023-09-27 15:40:00.000,0
NUTS3,2016,BE335,0,NUTS0,BE,0,NULL,NULL,TIMMERM,2023-09-27 15:40:00.000,0
NUTS3,2016,BE335,0,NUTS1,BE3,0,NULL,NULL,TIMMERM,2023-09-27 15:40:00.000,0
NUTS3,2016,BE335,0,NUTS2,BE33,0,NULL,NULL,TIMMERM,2023-09-27 15:40:00.000,0
NUTS3,2016,BE336,0,ARROND,66,0,NULL,NULL,TIMMERM,2023-09-27 15:40:00.000,0
NUTS3,2016,BE336,0,NUTS0,BE,0,NULL,NULL,TIMMERM,2023-09-27 15:40:00.000,0
NUTS3,2016,BE336,0,NUTS1,BE3,0,NULL,NULL,TIMMERM,2023-09-27 15:40:00.000,0
NUTS3,2016,BE336,0,NUTS2,BE33,0,NULL,NULL,TIMMERM,2023-09-27 15:40:00.000,0
NUTS3,2016,BE341,0,ARROND,81,0,NULL,NULL,TIMMERM,2023-09-27 15:40:00.000,0
NUTS3,2016,BE341,0,NUTS0,BE,0,NULL,NULL,TIMMERM,2023-09-27 15:40:00.000,0
NUTS3,2016,BE341,0,NUTS1,BE3,0,NULL,NULL,TIMMERM,2023-09-27 15:40:00.000,0
NUTS3,2016,BE341,0,NUTS2,BE34,0,NULL,NULL,TIMMERM,2023-09-27 15:40:00.000,0
NUTS3,2016,BE342,0,ARROND,82,0,NULL,NULL,TIMMERM,2023-09-27 15:40:00.000,0
NUTS3,2016,BE342,0,NUTS0,BE,0,NULL,NULL,TIMMERM,2023-09-27 15:40:00.000,0
NUTS3,2016,BE342,0,NUTS1,BE3,0,NULL,NULL,TIMMERM,2023-09-27 15:40:00.000,0
NUTS3,2016,BE342,0,NUTS2,BE34,0,NULL,NULL,TIMMERM,2023-09-27 15:40:00.000,0
NUTS3,2016,BE343,0,ARROND,83,0,NULL,NULL,TIMMERM,2023-09-27 15:40:00.000,0
NUTS3,2016,BE343,0,NUTS0,BE,0,NULL,NULL,TIMMERM,2023-09-27 15:40:00.000,0
NUTS3,2016,BE343,0,NUTS1,BE3,0,NULL,NULL,TIMMERM,2023-09-27 15:40:00.000,0
NUTS3,2016,BE343,0,NUTS2,BE34,0,NULL,NULL,TIMMERM,2023-09-27 15:40:00.000,0
NUTS3,2016,BE344,0,ARROND,84,0,NULL,NULL,TIMMERM,2023-09-27 15:40:00.000,0
NUTS3,2016,BE344,0,NUTS0,BE,0,NULL,NULL,TIMMERM,2023-09-27 15:40:00.000,0
NUTS3,2016,BE344,0,NUTS1,BE3,0,NULL,NULL,TIMMERM,2023-09-27 15:40:00.000,0
NUTS3,2016,BE344,0,NUTS2,BE34,0,NULL,NULL,TIMMERM,2023-09-27 15:40:00.000,0
NUTS3,2016,BE345,0,ARROND,85,0,NULL,NULL,TIMMERM,2023-09-27 15:40:00.000,0
NUTS3,2016,BE345,0,NUTS0,BE,0,NULL,NULL,TIMMERM,2023-09-27 15:40:00.000,0
NUTS3,2016,BE345,0,NUTS1,BE3,0,NULL,NULL,TIMMERM,2023-09-27 15:40:00.000,0
NUTS3,2016,BE345,0,NUTS2,BE34,0,NULL,NULL,TIMMERM,2023-09-27 15:40:00.000,0
NUTS3,2016,BE351,0,ARROND,91,0,NULL,NULL,TIMMERM,2023-09-27 15:40:00.000,0
NUTS3,2016,BE351,0,NUTS0,BE,0,NULL,NULL,TIMMERM,2023-09-27 15:40:00.000,0
NUTS3,2016,BE351,0,NUTS1,BE3,0,NULL,NULL,TIMMERM,2023-09-27 15:40:00.000,0
NUTS3,2016,BE351,0,NUTS2,BE35,0,NULL,NULL,TIMMERM,2023-09-27 15:40:00.000,0
NUTS3,2016,BE352,0,ARROND,92,0,NULL,NULL,TIMMERM,2023-09-27 15:40:00.000,0
NUTS3,2016,BE352,0,NUTS0,BE,0,NULL,NULL,TIMMERM,2023-09-27 15:40:00.000,0
NUTS3,2016,BE352,0,NUTS1,BE3,0,NULL,NULL,TIMMERM,2023-09-27 15:40:00.000,0
NUTS3,2016,BE352,0,NUTS2,BE35,0,NULL,NULL,TIMMERM,2023-09-27 15:40:00.000,0
NUTS3,2016,BE353,0,ARROND,93,0,NULL,NULL,TIMMERM,2023-09-27 15:40:00.000,0
NUTS3,2016,BE353,0,NUTS0,BE,0,NULL,NULL,TIMMERM,2023-09-27 15:40:00.000,0
NUTS3,2016,BE353,0,NUTS1,BE3,0,NULL,NULL,TIMMERM,2023-09-27 15:40:00.000,0
NUTS3,2016,BE353,0,NUTS2,BE35,0,NULL,NULL,TIMMERM,2023-09-27 15:40:00.000,0
NUTS3,2016,BEZZZ,0,ARROND,00,0,NULL,NULL,TIMMERM,2023-09-27 15:40:00.000,0
NUTS3,2016,BEZZZ,0,NUTS0,BE,0,NULL,NULL,TIMMERM,2023-09-27 15:40:00.000,0
NUTS3,2016,BEZZZ,0,NUTS1,BEZ,0,NULL,NULL,TIMMERM,2023-09-27 15:40:00.000,0
NUTS3,2016,BEZZZ,0,NUTS2,BEZZ,0,NULL,NULL,TIMMERM,2023-09-27 15:40:00.000,0
NUTS3,2021,BE100,0,ARROND,21,0,NULL,NULL,TIMMERM,2023-09-27 15:40:00.000,0
NUTS3,2021,BE100,0,NUTS0,BE,0,NULL,NULL,TIMMERM,2023-09-27 15:40:00.000,0
NUTS3,2021,BE100,0,NUTS1,BE1,0,NULL,NULL,TIMMERM,2023-09-27 15:40:00.000,0
NUTS3,2021,BE100,0,NUTS2,BE10,0,NULL,NULL,TIMMERM,2023-09-27 15:40:00.000,0
NUTS3,2021,BE211,0,ARROND,11,0,NULL,NULL,TIMMERM,2023-09-27 15:40:00.000,0
NUTS3,2021,BE211,0,NUTS0,BE,0,NULL,NULL,TIMMERM,2023-09-27 15:40:00.000,0
NUTS3,2021,BE211,0,NUTS1,BE2,0,NULL,NULL,TIMMERM,2023-09-27 15:40:00.000,0
NUTS3,2021,BE211,0,NUTS2,BE21,0,NULL,NULL,TIMMERM,2023-09-27 15:40:00.000,0
NUTS3,2021,BE212,0,ARROND,12,0,NULL,NULL,TIMMERM,2023-09-27 15:40:00.000,0
NUTS3,2021,BE212,0,NUTS0,BE,0,NULL,NULL,TIMMERM,2023-09-27 15:40:00.000,0
NUTS3,2021,BE212,0,NUTS1,BE2,0,NULL,NULL,TIMMERM,2023-09-27 15:40:00.000,0
NUTS3,2021,BE212,0,NUTS2,BE21,0,NULL,NULL,TIMMERM,2023-09-27 15:40:00.000,0
NUTS3,2021,BE213,0,ARROND,13,0,NULL,NULL,TIMMERM,2023-09-27 15:40:00.000,0
NUTS3,2021,BE213,0,NUTS0,BE,0,NULL,NULL,TIMMERM,2023-09-27 15:40:00.000,0
NUTS3,2021,BE213,0,NUTS1,BE2,0,NULL,NULL,TIMMERM,2023-09-27 15:40:00.000,0
NUTS3,2021,BE213,0,NUTS2,BE21,0,NULL,NULL,TIMMERM,2023-09-27 15:40:00.000,0
NUTS3,2021,BE221,0,NUTS0,BE,0,NULL,NULL,TIMMERM,2023-09-27 15:40:00.000,0
NUTS3,2021,BE221,0,NUTS1,BE2,0,NULL,NULL,TIMMERM,2023-09-27 15:40:00.000,0
NUTS3,2021,BE221,0,NUTS2,BE22,0,NULL,NULL,TIMMERM,2023-09-27 15:40:00.000,0
NUTS3,2021,BE222,0,NUTS0,BE,0,NULL,NULL,TIMMERM,2023-09-27 15:40:00.000,0
NUTS3,2021,BE222,0,NUTS1,BE2,0,NULL,NULL,TIMMERM,2023-09-27 15:40:00.000,0
NUTS3,2021,BE222,0,NUTS2,BE22,0,NULL,NULL,TIMMERM,2023-09-27 15:40:00.000,0
NUTS3,2021,BE223,0,ARROND,73,0,NULL,NULL,TIMMERM,2023-09-27 15:40:00.000,0
NUTS3,2021,BE223,0,NUTS0,BE,0,NULL,NULL,TIMMERM,2023-09-27 15:40:00.000,0
NUTS3,2021,BE223,0,NUTS1,BE2,0,NULL,NULL,TIMMERM,2023-09-27 15:40:00.000,0
NUTS3,2021,BE223,0,NUTS2,BE22,0,NULL,NULL,TIMMERM,2023-09-27 15:40:00.000,0
NUTS3,2021,BE224,0,ARROND,71,0,NULL,NULL,TIMMERM,2023-09-27 15:40:00.000,0
NUTS3,2021,BE224,0,NUTS0,BE,0,NULL,NULL,TIMMERM,2023-09-27 15:40:00.000,0
NUTS3,2021,BE224,0,NUTS1,BE2,0,NULL,NULL,TIMMERM,2023-09-27 15:40:00.000,0
NUTS3,2021,BE224,0,NUTS2,BE22,0,NULL,NULL,TIMMERM,2023-09-27 15:40:00.000,0
NUTS3,2021,BE225,0,ARROND,72,0,NULL,NULL,TIMMERM,2023-09-27 15:40:00.000,0
NUTS3,2021,BE225,0,NUTS0,BE,0,NULL,NULL,TIMMERM,2023-09-27 15:40:00.000,0
NUTS3,2021,BE225,0,NUTS1,BE2,0,NULL,NULL,TIMMERM,2023-09-27 15:40:00.000,0
NUTS3,2021,BE225,0,NUTS2,BE22,0,NULL,NULL,TIMMERM,2023-09-27 15:40:00.000,0
NUTS3,2021,BE231,0,ARROND,41,0,NULL,NULL,TIMMERM,2023-09-27 15:40:00.000,0
NUTS3,2021,BE231,0,NUTS0,BE,0,NULL,NULL,TIMMERM,2023-09-27 15:40:00.000,0
NUTS3,2021,BE231,0,NUTS1,BE2,0,NULL,NULL,TIMMERM,2023-09-27 15:40:00.000,0
NUTS3,2021,BE231,0,NUTS2,BE23,0,NULL,NULL,TIMMERM,2023-09-27 15:40:00.000,0
NUTS3,2021,BE232,0,ARROND,42,0,NULL,NULL,TIMMERM,2023-09-27 15:40:00.000,0
NUTS3,2021,BE232,0,NUTS0,BE,0,NULL,NULL,TIMMERM,2023-09-27 15:40:00.000,0
NUTS3,2021,BE232,0,NUTS1,BE2,0,NULL,NULL,TIMMERM,2023-09-27 15:40:00.000,0
NUTS3,2021,BE232,0,NUTS2,BE23,0,NULL,NULL,TIMMERM,2023-09-27 15:40:00.000,0
NUTS3,2021,BE233,0,ARROND,43,0,NULL,NULL,TIMMERM,2023-09-27 15:40:00.000,0
NUTS3,2021,BE233,0,NUTS0,BE,0,NULL,NULL,TIMMERM,2023-09-27 15:40:00.000,0
NUTS3,2021,BE233,0,NUTS1,BE2,0,NULL,NULL,TIMMERM,2023-09-27 15:40:00.000,0
NUTS3,2021,BE233,0,NUTS2,BE23,0,NULL,NULL,TIMMERM,2023-09-27 15:40:00.000,0
NUTS3,2021,BE234,0,ARROND,44,0,NULL,NULL,TIMMERM,2023-09-27 15:40:00.000,0
NUTS3,2021,BE234,0,NUTS0,BE,0,NULL,NULL,TIMMERM,2023-09-27 15:40:00.000,0
NUTS3,2021,BE234,0,NUTS1,BE2,0,NULL,NULL,TIMMERM,2023-09-27 15:40:00.000,0
NUTS3,2021,BE234,0,NUTS2,BE23,0,NULL,NULL,TIMMERM,2023-09-27 15:40:00.000,0
NUTS3,2021,BE235,0,ARROND,45,0,NULL,NULL,TIMMERM,2023-09-27 15:40:00.000,0
NUTS3,2021,BE235,0,NUTS0,BE,0,NULL,NULL,TIMMERM,2023-09-27 15:40:00.000,0
NUTS3,2021,BE235,0,NUTS1,BE2,0,NULL,NULL,TIMMERM,2023-09-27 15:40:00.000,0
NUTS3,2021,BE235,0,NUTS2,BE23,0,NULL,NULL,TIMMERM,2023-09-27 15:40:00.000,0
NUTS3,2021,BE236,0,ARROND,46,0,NULL,NULL,TIMMERM,2023-09-27 15:40:00.000,0
NUTS3,2021,BE236,0,NUTS0,BE,0,NULL,NULL,TIMMERM,2023-09-27 15:40:00.000,0
NUTS3,2021,BE236,0,NUTS1,BE2,0,NULL,NULL,TIMMERM,2023-09-27 15:40:00.000,0
NUTS3,2021,BE236,0,NUTS2,BE23,0,NULL,NULL,TIMMERM,2023-09-27 15:40:00.000,0
NUTS3,2021,BE241,0,ARROND,23,0,NULL,NULL,TIMMERM,2023-09-27 15:40:00.000,0
NUTS3,2021,BE241,0,NUTS0,BE,0,NULL,NULL,TIMMERM,2023-09-27 15:40:00.000,0
NUTS3,2021,BE241,0,NUTS1,BE2,0,NULL,NULL,TIMMERM,2023-09-27 15:40:00.000,0
NUTS3,2021,BE241,0,NUTS2,BE24,0,NULL,NULL,TIMMERM,2023-09-27 15:40:00.000,0
NUTS3,2021,BE242,0,ARROND,24,0,NULL,NULL,TIMMERM,2023-09-27 15:40:00.000,0
NUTS3,2021,BE242,0,NUTS0,BE,0,NULL,NULL,TIMMERM,2023-09-27 15:40:00.000,0
NUTS3,2021,BE242,0,NUTS1,BE2,0,NULL,NULL,TIMMERM,2023-09-27 15:40:00.000,0
NUTS3,2021,BE242,0,NUTS2,BE24,0,NULL,NULL,TIMMERM,2023-09-27 15:40:00.000,0
NUTS3,2021,BE251,0,ARROND,31,0,NULL,NULL,TIMMERM,2023-09-27 15:40:00.000,0
NUTS3,2021,BE251,0,NUTS0,BE,0,NULL,NULL,TIMMERM,2023-09-27 15:40:00.000,0
NUTS3,2021,BE251,0,NUTS1,BE2,0,NULL,NULL,TIMMERM,2023-09-27 15:40:00.000,0
NUTS3,2021,BE251,0,NUTS2,BE25,0,NULL,NULL,TIMMERM,2023-09-27 15:40:00.000,0
NUTS3,2021,BE252,0,ARROND,32,0,NULL,NULL,TIMMERM,2023-09-27 15:40:00.000,0
NUTS3,2021,BE252,0,NUTS0,BE,0,NULL,NULL,TIMMERM,2023-09-27 15:40:00.000,0
NUTS3,2021,BE252,0,NUTS1,BE2,0,NULL,NULL,TIMMERM,2023-09-27 15:40:00.000,0
NUTS3,2021,BE252,0,NUTS2,BE25,0,NULL,NULL,TIMMERM,2023-09-27 15:40:00.000,0
NUTS3,2021,BE253,0,ARROND,33,0,NULL,NULL,TIMMERM,2023-09-27 15:40:00.000,0
NUTS3,2021,BE253,0,NUTS0,BE,0,NULL,NULL,TIMMERM,2023-09-27 15:40:00.000,0
NUTS3,2021,BE253,0,NUTS1,BE2,0,NULL,NULL,TIMMERM,2023-09-27 15:40:00.000,0
NUTS3,2021,BE253,0,NUTS2,BE25,0,NULL,NULL,TIMMERM,2023-09-27 15:40:00.000,0
NUTS3,2021,BE254,0,ARROND,34,0,NULL,NULL,TIMMERM,2023-09-27 15:40:00.000,0
NUTS3,2021,BE254,0,NUTS0,BE,0,NULL,NULL,TIMMERM,2023-09-27 15:40:00.000,0
NUTS3,2021,BE254,0,NUTS1,BE2,0,NULL,NULL,TIMMERM,2023-09-27 15:40:00.000,0
NUTS3,2021,BE254,0,NUTS2,BE25,0,NULL,NULL,TIMMERM,2023-09-27 15:40:00.000,0
NUTS3,2021,BE255,0,ARROND,35,0,NULL,NULL,TIMMERM,2023-09-27 15:40:00.000,0
NUTS3,2021,BE255,0,NUTS0,BE,0,NULL,NULL,TIMMERM,2023-09-27 15:40:00.000,0
NUTS3,2021,BE255,0,NUTS1,BE2,0,NULL,NULL,TIMMERM,2023-09-27 15:40:00.000,0
NUTS3,2021,BE255,0,NUTS2,BE25,0,NULL,NULL,TIMMERM,2023-09-27 15:40:00.000,0
NUTS3,2021,BE256,0,ARROND,36,0,NULL,NULL,TIMMERM,2023-09-27 15:40:00.000,0
NUTS3,2021,BE256,0,NUTS0,BE,0,NULL,NULL,TIMMERM,2023-09-27 15:40:00.000,0
NUTS3,2021,BE256,0,NUTS1,BE2,0,NULL,NULL,TIMMERM,2023-09-27 15:40:00.000,0
NUTS3,2021,BE256,0,NUTS2,BE25,0,NULL,NULL,TIMMERM,2023-09-27 15:40:00.000,0
NUTS3,2021,BE257,0,ARROND,37,0,NULL,NULL,TIMMERM,2023-09-27 15:40:00.000,0
NUTS3,2021,BE257,0,NUTS0,BE,0,NULL,NULL,TIMMERM,2023-09-27 15:40:00.000,0
NUTS3,2021,BE257,0,NUTS1,BE2,0,NULL,NULL,TIMMERM,2023-09-27 15:40:00.000,0
NUTS3,2021,BE257,0,NUTS2,BE25,0,NULL,NULL,TIMMERM,2023-09-27 15:40:00.000,0
NUTS3,2021,BE258,0,ARROND,38,0,NULL,NULL,TIMMERM,2023-09-27 15:40:00.000,0
NUTS3,2021,BE258,0,NUTS0,BE,0,NULL,NULL,TIMMERM,2023-09-27 15:40:00.000,0
NUTS3,2021,BE258,0,NUTS1,BE2,0,NULL,NULL,TIMMERM,2023-09-27 15:40:00.000,0
NUTS3,2021,BE258,0,NUTS2,BE25,0,NULL,NULL,TIMMERM,2023-09-27 15:40:00.000,0
NUTS3,2021,BE310,0,ARROND,25,0,NULL,NULL,TIMMERM,2023-09-27 15:40:00.000,0
NUTS3,2021,BE310,0,NUTS0,BE,0,NULL,NULL,TIMMERM,2023-09-27 15:40:00.000,0
NUTS3,2021,BE310,0,NUTS1,BE3,0,NULL,NULL,TIMMERM,2023-09-27 15:40:00.000,0
NUTS3,2021,BE310,0,NUTS2,BE31,0,NULL,NULL,TIMMERM,2023-09-27 15:40:00.000,0
NUTS3,2021,BE323,0,ARROND,53,0,NULL,NULL,TIMMERM,2023-09-27 15:40:00.000,0
NUTS3,2021,BE323,0,NUTS0,BE,0,NULL,NULL,TIMMERM,2023-09-27 15:40:00.000,0
NUTS3,2021,BE323,0,NUTS1,BE3,0,NULL,NULL,TIMMERM,2023-09-27 15:40:00.000,0
NUTS3,2021,BE323,0,NUTS2,BE32,0,NULL,NULL,TIMMERM,2023-09-27 15:40:00.000,0
NUTS3,2021,BE328,0,ARROND,57,0,NULL,NULL,TIMMERM,2023-09-27 15:40:00.000,0
NUTS3,2021,BE328,0,NUTS0,BE,0,NULL,NULL,TIMMERM,2023-09-27 15:40:00.000,0
NUTS3,2021,BE328,0,NUTS1,BE3,0,NULL,NULL,TIMMERM,2023-09-27 15:40:00.000,0
NUTS3,2021,BE328,0,NUTS2,BE32,0,NULL,NULL,TIMMERM,2023-09-27 15:40:00.000,0
NUTS3,2021,BE329,0,ARROND,58,0,NULL,NULL,TIMMERM,2023-09-27 15:40:00.000,0
NUTS3,2021,BE329,0,NUTS0,BE,0,NULL,NULL,TIMMERM,2023-09-27 15:40:00.000,0
NUTS3,2021,BE329,0,NUTS1,BE3,0,NULL,NULL,TIMMERM,2023-09-27 15:40:00.000,0
NUTS3,2021,BE329,0,NUTS2,BE32,0,NULL,NULL,TIMMERM,2023-09-27 15:40:00.000,0
NUTS3,2021,BE32A,0,ARROND,51,0,NULL,NULL,TIMMERM,2023-09-27 15:40:00.000,0
NUTS3,2021,BE32A,0,NUTS0,BE,0,NULL,NULL,TIMMERM,2023-09-27 15:40:00.000,0
NUTS3,2021,BE32A,0,NUTS1,BE3,0,NULL,NULL,TIMMERM,2023-09-27 15:40:00.000,0
NUTS3,2021,BE32A,0,NUTS2,BE32,0,NULL,NULL,TIMMERM,2023-09-27 15:40:00.000,0
NUTS3,2021,BE32B,0,ARROND,52,0,NULL,NULL,TIMMERM,2023-09-27 15:40:00.000,0
NUTS3,2021,BE32B,0,NUTS0,BE,0,NULL,NULL,TIMMERM,2023-09-27 15:40:00.000,0
NUTS3,2021,BE32B,0,NUTS1,BE3,0,NULL,NULL,TIMMERM,2023-09-27 15:40:00.000,0
NUTS3,2021,BE32B,0,NUTS2,BE32,0,NULL,NULL,TIMMERM,2023-09-27 15:40:00.000,0
NUTS3,2021,BE32C,0,ARROND,55,0,NULL,NULL,TIMMERM,2023-09-27 15:40:00.000,0
NUTS3,2021,BE32C,0,NUTS0,BE,0,NULL,NULL,TIMMERM,2023-09-27 15:40:00.000,0
NUTS3,2021,BE32C,0,NUTS1,BE3,0,NULL,NULL,TIMMERM,2023-09-27 15:40:00.000,0
NUTS3,2021,BE32C,0,NUTS2,BE32,0,NULL,NULL,TIMMERM,2023-09-27 15:40:00.000,0
NUTS3,2021,BE32D,0,ARROND,56,0,NULL,NULL,TIMMERM,2023-09-27 15:40:00.000,0
NUTS3,2021,BE32D,0,NUTS0,BE,0,NULL,NULL,TIMMERM,2023-09-27 15:40:00.000,0
NUTS3,2021,BE32D,0,NUTS1,BE3,0,NULL,NULL,TIMMERM,2023-09-27 15:40:00.000,0
NUTS3,2021,BE32D,0,NUTS2,BE32,0,NULL,NULL,TIMMERM,2023-09-27 15:40:00.000,0
NUTS3,2021,BE331,0,ARROND,61,0,NULL,NULL,TIMMERM,2023-09-27 15:40:00.000,0
NUTS3,2021,BE331,0,NUTS0,BE,0,NULL,NULL,TIMMERM,2023-09-27 15:40:00.000,0
NUTS3,2021,BE331,0,NUTS1,BE3,0,NULL,NULL,TIMMERM,2023-09-27 15:40:00.000,0
NUTS3,2021,BE331,0,NUTS2,BE33,0,NULL,NULL,TIMMERM,2023-09-27 15:40:00.000,0
NUTS3,2021,BE332,0,ARROND,62,0,NULL,NULL,TIMMERM,2023-09-27 15:40:00.000,0
NUTS3,2021,BE332,0,NUTS0,BE,0,NULL,NULL,TIMMERM,2023-09-27 15:40:00.000,0
NUTS3,2021,BE332,0,NUTS1,BE3,0,NULL,NULL,TIMMERM,2023-09-27 15:40:00.000,0
NUTS3,2021,BE332,0,NUTS2,BE33,0,NULL,NULL,TIMMERM,2023-09-27 15:40:00.000,0
NUTS3,2021,BE334,0,ARROND,64,0,NULL,NULL,TIMMERM,2023-09-27 15:40:00.000,0
NUTS3,2021,BE334,0,NUTS0,BE,0,NULL,NULL,TIMMERM,2023-09-27 15:40:00.000,0
NUTS3,2021,BE334,0,NUTS1,BE3,0,NULL,NULL,TIMMERM,2023-09-27 15:40:00.000,0
NUTS3,2021,BE334,0,NUTS2,BE33,0,NULL,NULL,TIMMERM,2023-09-27 15:40:00.000,0
NUTS3,2021,BE335,0,ARROND,65,0,NULL,NULL,TIMMERM,2023-09-27 15:40:00.000,0
NUTS3,2021,BE335,0,NUTS0,BE,0,NULL,NULL,TIMMERM,2023-09-27 15:40:00.000,0
NUTS3,2021,BE335,0,NUTS1,BE3,0,NULL,NULL,TIMMERM,2023-09-27 15:40:00.000,0
NUTS3,2021,BE335,0,NUTS2,BE33,0,NULL,NULL,TIMMERM,2023-09-27 15:40:00.000,0
NUTS3,2021,BE336,0,ARROND,66,0,NULL,NULL,TIMMERM,2023-09-27 15:40:00.000,0
NUTS3,2021,BE336,0,NUTS0,BE,0,NULL,NULL,TIMMERM,2023-09-27 15:40:00.000,0
NUTS3,2021,BE336,0,NUTS1,BE3,0,NULL,NULL,TIMMERM,2023-09-27 15:40:00.000,0
NUTS3,2021,BE336,0,NUTS2,BE33,0,NULL,NULL,TIMMERM,2023-09-27 15:40:00.000,0
NUTS3,2021,BE341,0,ARROND,81,0,NULL,NULL,TIMMERM,2023-09-27 15:40:00.000,0
NUTS3,2021,BE341,0,NUTS0,BE,0,NULL,NULL,TIMMERM,2023-09-27 15:40:00.000,0
NUTS3,2021,BE341,0,NUTS1,BE3,0,NULL,NULL,TIMMERM,2023-09-27 15:40:00.000,0
NUTS3,2021,BE341,0,NUTS2,BE34,0,NULL,NULL,TIMMERM,2023-09-27 15:40:00.000,0
NUTS3,2021,BE342,0,ARROND,82,0,NULL,NULL,TIMMERM,2023-09-27 15:40:00.000,0
NUTS3,2021,BE342,0,NUTS0,BE,0,NULL,NULL,TIMMERM,2023-09-27 15:40:00.000,0
NUTS3,2021,BE342,0,NUTS1,BE3,0,NULL,NULL,TIMMERM,2023-09-27 15:40:00.000,0
NUTS3,2021,BE342,0,NUTS2,BE34,0,NULL,NULL,TIMMERM,2023-09-27 15:40:00.000,0
NUTS3,2021,BE343,0,ARROND,83,0,NULL,NULL,TIMMERM,2023-09-27 15:40:00.000,0
NUTS3,2021,BE343,0,NUTS0,BE,0,NULL,NULL,TIMMERM,2023-09-27 15:40:00.000,0
NUTS3,2021,BE343,0,NUTS1,BE3,0,NULL,NULL,TIMMERM,2023-09-27 15:40:00.000,0
NUTS3,2021,BE343,0,NUTS2,BE34,0,NULL,NULL,TIMMERM,2023-09-27 15:40:00.000,0
NUTS3,2021,BE344,0,ARROND,84,0,NULL,NULL,TIMMERM,2023-09-27 15:40:00.000,0
NUTS3,2021,BE344,0,NUTS0,BE,0,NULL,NULL,TIMMERM,2023-09-27 15:40:00.000,0
NUTS3,2021,BE344,0,NUTS1,BE3,0,NULL,NULL,TIMMERM,2023-09-27 15:40:00.000,0
NUTS3,2021,BE344,0,NUTS2,BE34,0,NULL,NULL,TIMMERM,2023-09-27 15:40:00.000,0
NUTS3,2021,BE345,0,ARROND,85,0,NULL,NULL,TIMMERM,2023-09-27 15:40:00.000,0
NUTS3,2021,BE345,0,NUTS0,BE,0,NULL,NULL,TIMMERM,2023-09-27 15:40:00.000,0
NUTS3,2021,BE345,0,NUTS1,BE3,0,NULL,NULL,TIMMERM,2023-09-27 15:40:00.000,0
NUTS3,2021,BE345,0,NUTS2,BE34,0,NULL,NULL,TIMMERM,2023-09-27 15:40:00.000,0
NUTS3,2021,BE351,0,ARROND,91,0,NULL,NULL,TIMMERM,2023-09-27 15:40:00.000,0
NUTS3,2021,BE351,0,NUTS0,BE,0,NULL,NULL,TIMMERM,2023-09-27 15:40:00.000,0
NUTS3,2021,BE351,0,NUTS1,BE3,0,NULL,NULL,TIMMERM,2023-09-27 15:40:00.000,0
NUTS3,2021,BE351,0,NUTS2,BE35,0,NULL,NULL,TIMMERM,2023-09-27 15:40:00.000,0
NUTS3,2021,BE352,0,ARROND,92,0,NULL,NULL,TIMMERM,2023-09-27 15:40:00.000,0
NUTS3,2021,BE352,0,NUTS0,BE,0,NULL,NULL,TIMMERM,2023-09-27 15:40:00.000,0
NUTS3,2021,BE352,0,NUTS1,BE3,0,NULL,NULL,TIMMERM,2023-09-27 15:40:00.000,0
NUTS3,2021,BE352,0,NUTS2,BE35,0,NULL,NULL,TIMMERM,2023-09-27 15:40:00.000,0
NUTS3,2021,BE353,0,ARROND,93,0,NULL,NULL,TIMMERM,2023-09-27 15:40:00.000,0
NUTS3,2021,BE353,0,NUTS0,BE,0,NULL,NULL,TIMMERM,2023-09-27 15:40:00.000,0
NUTS3,2021,BE353,0,NUTS1,BE3,0,NULL,NULL,TIMMERM,2023-09-27 15:40:00.000,0
NUTS3,2021,BE353,0,NUTS2,BE35,0,NULL,NULL,TIMMERM,2023-09-27 15:40:00.000,0
NUTS3,2021,BEZZZ,0,ARROND,00,0,NULL,NULL,TIMMERM,2023-09-27 15:40:00.000,0
NUTS3,2021,BEZZZ,0,NUTS0,BE,0,NULL,NULL,TIMMERM,2023-09-27 15:40:00.000,0
NUTS3,2021,BEZZZ,0,NUTS1,BEZ,0,NULL,NULL,TIMMERM,2023-09-27 15:40:00.000,0
NUTS3,2021,BEZZZ,0,NUTS2,BEZZ,0,NULL,NULL,TIMMERM,2023-09-27 15:40:00.000,0
